chromosome	bin_start	bin_end	n_reads
chr1	0	1000000	3620
chr1	1000000	2000000	1684
chr1	2000000	3000000	2508
chr1	3000000	4000000	1741
chr1	4000000	5000000	1592
chr1	5000000	6000000	1564
chr1	6000000	7000000	1603
chr1	7000000	8000000	1645
chr1	8000000	9000000	1644
chr1	9000000	10000000	1607
chr1	10000000	11000000	1643
chr1	11000000	12000000	1577
chr1	12000000	13000000	2815
chr1	13000000	14000000	1633
chr1	14000000	15000000	1598
chr1	15000000	16000000	1753
chr1	16000000	17000000	4422
chr1	17000000	18000000	1591
chr1	18000000	19000000	1591
chr1	19000000	20000000	1607
chr1	20000000	21000000	1569
chr1	21000000	22000000	1665
chr1	22000000	23000000	1565
chr1	23000000	24000000	1665
chr1	24000000	25000000	1571
chr1	25000000	26000000	1696
chr1	26000000	27000000	1605
chr1	27000000	28000000	1553
chr1	28000000	29000000	1656
chr1	29000000	30000000	1504
chr1	30000000	31000000	1635
chr1	31000000	32000000	1683
chr1	32000000	33000000	1632
chr1	33000000	34000000	1681
chr1	34000000	35000000	1680
chr1	35000000	36000000	1604
chr1	36000000	37000000	1635
chr1	37000000	38000000	1629
chr1	38000000	39000000	1689
chr1	39000000	40000000	1663
chr1	40000000	41000000	1620
chr1	41000000	42000000	1685
chr1	42000000	43000000	1596
chr1	43000000	44000000	1622
chr1	44000000	45000000	1678
chr1	45000000	46000000	1572
chr1	46000000	47000000	1653
chr1	47000000	48000000	1699
chr1	48000000	49000000	1690
chr1	49000000	50000000	1644
chr1	50000000	51000000	1631
chr1	51000000	52000000	1697
chr1	52000000	53000000	1607
chr1	53000000	54000000	1570
chr1	54000000	55000000	1679
chr1	55000000	56000000	1618
chr1	56000000	57000000	1645
chr1	57000000	58000000	1702
chr1	58000000	59000000	1603
chr1	59000000	60000000	1641
chr1	60000000	61000000	1740
chr1	61000000	62000000	1612
chr1	62000000	63000000	1616
chr1	63000000	64000000	1656
chr1	64000000	65000000	1706
chr1	65000000	66000000	1662
chr1	66000000	67000000	1594
chr1	67000000	68000000	1668
chr1	68000000	69000000	1680
chr1	69000000	70000000	1586
chr1	70000000	71000000	1714
chr1	71000000	72000000	1643
chr1	72000000	73000000	1664
chr1	73000000	74000000	1581
chr1	74000000	75000000	1647
chr1	75000000	76000000	1613
chr1	76000000	77000000	1633
chr1	77000000	78000000	1715
chr1	78000000	79000000	1725
chr1	79000000	80000000	1654
chr1	80000000	81000000	1645
chr1	81000000	82000000	1539
chr1	82000000	83000000	1667
chr1	83000000	84000000	2052
chr1	84000000	85000000	1577
chr1	85000000	86000000	1757
chr1	86000000	87000000	1704
chr1	87000000	88000000	1654
chr1	88000000	89000000	1645
chr1	89000000	90000000	1656
chr1	90000000	91000000	1723
chr1	91000000	92000000	1661
chr1	92000000	93000000	1647
chr1	93000000	94000000	1717
chr1	94000000	95000000	1675
chr1	95000000	96000000	1646
chr1	96000000	97000000	1714
chr1	97000000	98000000	1687
chr1	98000000	99000000	1718
chr1	99000000	100000000	1634
chr1	100000000	101000000	1697
chr1	101000000	102000000	1630
chr1	102000000	103000000	1577
chr1	103000000	104000000	2210
chr1	104000000	105000000	1638
chr1	105000000	106000000	1682
chr1	106000000	107000000	1637
chr1	107000000	108000000	1631
chr1	108000000	109000000	2098
chr1	109000000	110000000	1582
chr1	110000000	111000000	1626
chr1	111000000	112000000	1595
chr1	112000000	113000000	1601
chr1	113000000	114000000	1712
chr1	114000000	115000000	1627
chr1	115000000	116000000	1629
chr1	116000000	117000000	1871
chr1	117000000	118000000	1675
chr1	118000000	119000000	1664
chr1	119000000	120000000	1729
chr1	120000000	121000000	6540
chr1	121000000	122000000	4735
chr1	122000000	123000000	2095
chr1	123000000	124000000	2565
chr1	124000000	125000000	2326
chr1	125000000	126000000	2302
chr1	126000000	127000000	5864
chr1	127000000	128000000	4571
chr1	128000000	129000000	3354
chr1	129000000	130000000	3590
chr1	130000000	131000000	2888
chr1	131000000	132000000	2854
chr1	132000000	133000000	3833
chr1	133000000	134000000	4290
chr1	134000000	135000000	4980
chr1	135000000	136000000	3030
chr1	136000000	137000000	3308
chr1	137000000	138000000	3408
chr1	138000000	139000000	3249
chr1	139000000	140000000	3110
chr1	140000000	141000000	3699
chr1	141000000	142000000	3266
chr1	142000000	143000000	5587
chr1	143000000	144000000	8265
chr1	144000000	145000000	5719
chr1	145000000	146000000	5849
chr1	146000000	147000000	5125
chr1	147000000	148000000	2210
chr1	148000000	149000000	5674
chr1	149000000	150000000	1869
chr1	150000000	151000000	1672
chr1	151000000	152000000	1776
chr1	152000000	153000000	1649
chr1	153000000	154000000	1591
chr1	154000000	155000000	1849
chr1	155000000	156000000	1599
chr1	156000000	157000000	1643
chr1	157000000	158000000	1692
chr1	158000000	159000000	1685
chr1	159000000	160000000	1659
chr1	160000000	161000000	2810
chr1	161000000	162000000	1697
chr1	162000000	163000000	1682
chr1	163000000	164000000	1687
chr1	164000000	165000000	1701
chr1	165000000	166000000	1669
chr1	166000000	167000000	1699
chr1	167000000	168000000	1631
chr1	168000000	169000000	1735
chr1	169000000	170000000	1677
chr1	170000000	171000000	1693
chr1	171000000	172000000	1635
chr1	172000000	173000000	1642
chr1	173000000	174000000	1760
chr1	174000000	175000000	1670
chr1	175000000	176000000	1670
chr1	176000000	177000000	1700
chr1	177000000	178000000	1670
chr1	178000000	179000000	1693
chr1	179000000	180000000	1671
chr1	180000000	181000000	1652
chr1	181000000	182000000	1703
chr1	182000000	183000000	1691
chr1	183000000	184000000	1631
chr1	184000000	185000000	1700
chr1	185000000	186000000	1652
chr1	186000000	187000000	1667
chr1	187000000	188000000	1584
chr1	188000000	189000000	1562
chr1	189000000	190000000	1539
chr1	190000000	191000000	1617
chr1	191000000	192000000	1588
chr1	192000000	193000000	1706
chr1	193000000	194000000	1559
chr1	194000000	195000000	1629
chr1	195000000	196000000	1634
chr1	196000000	197000000	1813
chr1	197000000	198000000	1671
chr1	198000000	199000000	1583
chr1	199000000	200000000	1700
chr1	200000000	201000000	1607
chr1	201000000	202000000	1627
chr1	202000000	203000000	1604
chr1	203000000	204000000	1569
chr1	204000000	205000000	1583
chr1	205000000	206000000	2617
chr1	206000000	207000000	1820
chr1	207000000	208000000	1682
chr1	208000000	209000000	1649
chr1	209000000	210000000	1622
chr1	210000000	211000000	1662
chr1	211000000	212000000	1592
chr1	212000000	213000000	1770
chr1	213000000	214000000	1623
chr1	214000000	215000000	1634
chr1	215000000	216000000	1666
chr1	216000000	217000000	1655
chr1	217000000	218000000	1607
chr1	218000000	219000000	1675
chr1	219000000	220000000	1609
chr1	220000000	221000000	1649
chr1	221000000	222000000	1895
chr1	222000000	223000000	1668
chr1	223000000	224000000	2496
chr1	224000000	225000000	1673
chr1	225000000	226000000	1647
chr1	226000000	227000000	1570
chr1	227000000	228000000	2194
chr1	228000000	229000000	1672
chr1	229000000	230000000	1569
chr1	230000000	231000000	1661
chr1	231000000	232000000	1668
chr1	232000000	233000000	1664
chr1	233000000	234000000	1677
chr1	234000000	235000000	1729
chr1	235000000	236000000	1691
chr1	236000000	237000000	1662
chr1	237000000	238000000	1783
chr1	238000000	239000000	1615
chr1	239000000	240000000	1645
chr1	240000000	241000000	1672
chr1	241000000	242000000	1787
chr1	242000000	243000000	2301
chr1	243000000	244000000	1622
chr1	244000000	245000000	1621
chr1	245000000	246000000	1728
chr1	246000000	247000000	1776
chr1	247000000	248000000	1948
chr1	248000000	248387328	773
chr2	0	1000000	1772
chr2	1000000	2000000	1719
chr2	2000000	3000000	1656
chr2	3000000	4000000	1729
chr2	4000000	5000000	1680
chr2	5000000	6000000	1853
chr2	6000000	7000000	1643
chr2	7000000	8000000	1631
chr2	8000000	9000000	1634
chr2	9000000	10000000	1642
chr2	10000000	11000000	1610
chr2	11000000	12000000	1653
chr2	12000000	13000000	1768
chr2	13000000	14000000	1612
chr2	14000000	15000000	1663
chr2	15000000	16000000	1665
chr2	16000000	17000000	1656
chr2	17000000	18000000	1636
chr2	18000000	19000000	1730
chr2	19000000	20000000	1730
chr2	20000000	21000000	1640
chr2	21000000	22000000	1590
chr2	22000000	23000000	1643
chr2	23000000	24000000	1676
chr2	24000000	25000000	1678
chr2	25000000	26000000	1695
chr2	26000000	27000000	1558
chr2	27000000	28000000	1608
chr2	28000000	29000000	1547
chr2	29000000	30000000	1653
chr2	30000000	31000000	1660
chr2	31000000	32000000	1638
chr2	32000000	33000000	1627
chr2	33000000	34000000	1621
chr2	34000000	35000000	1678
chr2	35000000	36000000	1621
chr2	36000000	37000000	1737
chr2	37000000	38000000	1621
chr2	38000000	39000000	1722
chr2	39000000	40000000	1569
chr2	40000000	41000000	1570
chr2	41000000	42000000	1693
chr2	42000000	43000000	1613
chr2	43000000	44000000	1625
chr2	44000000	45000000	1623
chr2	45000000	46000000	1684
chr2	46000000	47000000	1643
chr2	47000000	48000000	1647
chr2	48000000	49000000	1705
chr2	49000000	50000000	1581
chr2	50000000	51000000	1596
chr2	51000000	52000000	1627
chr2	52000000	53000000	1635
chr2	53000000	54000000	1609
chr2	54000000	55000000	1721
chr2	55000000	56000000	1569
chr2	56000000	57000000	1706
chr2	57000000	58000000	1653
chr2	58000000	59000000	1681
chr2	59000000	60000000	1672
chr2	60000000	61000000	1744
chr2	61000000	62000000	1678
chr2	62000000	63000000	1536
chr2	63000000	64000000	1622
chr2	64000000	65000000	1660
chr2	65000000	66000000	1641
chr2	66000000	67000000	1597
chr2	67000000	68000000	1618
chr2	68000000	69000000	1698
chr2	69000000	70000000	1699
chr2	70000000	71000000	1627
chr2	71000000	72000000	1688
chr2	72000000	73000000	1624
chr2	73000000	74000000	1873
chr2	74000000	75000000	1689
chr2	75000000	76000000	1769
chr2	76000000	77000000	1623
chr2	77000000	78000000	1738
chr2	78000000	79000000	1639
chr2	79000000	80000000	1659
chr2	80000000	81000000	1668
chr2	81000000	82000000	1550
chr2	82000000	83000000	1600
chr2	83000000	84000000	1662
chr2	84000000	85000000	1579
chr2	85000000	86000000	1555
chr2	86000000	87000000	2230
chr2	87000000	88000000	4262
chr2	88000000	89000000	1605
chr2	89000000	90000000	5195
chr2	90000000	91000000	5121
chr2	91000000	92000000	9982
chr2	92000000	93000000	4681
chr2	93000000	94000000	3345
chr2	94000000	95000000	5034
chr2	95000000	96000000	2866
chr2	96000000	97000000	2437
chr2	97000000	98000000	2595
chr2	98000000	99000000	1800
chr2	99000000	100000000	1684
chr2	100000000	101000000	1675
chr2	101000000	102000000	1644
chr2	102000000	103000000	1597
chr2	103000000	104000000	1616
chr2	104000000	105000000	1699
chr2	105000000	106000000	1711
chr2	106000000	107000000	2356
chr2	107000000	108000000	1714
chr2	108000000	109000000	2292
chr2	109000000	110000000	1934
chr2	110000000	111000000	3809
chr2	111000000	112000000	2395
chr2	112000000	113000000	2653
chr2	113000000	114000000	2625
chr2	114000000	115000000	1946
chr2	115000000	116000000	1607
chr2	116000000	117000000	1596
chr2	117000000	118000000	1578
chr2	118000000	119000000	1697
chr2	119000000	120000000	1707
chr2	120000000	121000000	1619
chr2	121000000	122000000	1642
chr2	122000000	123000000	1603
chr2	123000000	124000000	1651
chr2	124000000	125000000	1654
chr2	125000000	126000000	1700
chr2	126000000	127000000	1597
chr2	127000000	128000000	1668
chr2	128000000	129000000	1661
chr2	129000000	130000000	1704
chr2	130000000	131000000	2681
chr2	131000000	132000000	2664
chr2	132000000	133000000	2775
chr2	133000000	134000000	1708
chr2	134000000	135000000	1674
chr2	135000000	136000000	1694
chr2	136000000	137000000	1729
chr2	137000000	138000000	1696
chr2	138000000	139000000	1567
chr2	139000000	140000000	1656
chr2	140000000	141000000	1651
chr2	141000000	142000000	1674
chr2	142000000	143000000	1651
chr2	143000000	144000000	1669
chr2	144000000	145000000	1705
chr2	145000000	146000000	1670
chr2	146000000	147000000	1659
chr2	147000000	148000000	1721
chr2	148000000	149000000	1670
chr2	149000000	150000000	1655
chr2	150000000	151000000	1659
chr2	151000000	152000000	1609
chr2	152000000	153000000	1766
chr2	153000000	154000000	1541
chr2	154000000	155000000	1620
chr2	155000000	156000000	1638
chr2	156000000	157000000	1678
chr2	157000000	158000000	1682
chr2	158000000	159000000	1683
chr2	159000000	160000000	1665
chr2	160000000	161000000	1679
chr2	161000000	162000000	1706
chr2	162000000	163000000	1606
chr2	163000000	164000000	1553
chr2	164000000	165000000	1650
chr2	165000000	166000000	1714
chr2	166000000	167000000	1596
chr2	167000000	168000000	1677
chr2	168000000	169000000	1681
chr2	169000000	170000000	1716
chr2	170000000	171000000	1628
chr2	171000000	172000000	1650
chr2	172000000	173000000	1706
chr2	173000000	174000000	1659
chr2	174000000	175000000	1707
chr2	175000000	176000000	1715
chr2	176000000	177000000	1611
chr2	177000000	178000000	1656
chr2	178000000	179000000	1805
chr2	179000000	180000000	1672
chr2	180000000	181000000	1621
chr2	181000000	182000000	1739
chr2	182000000	183000000	1616
chr2	183000000	184000000	1659
chr2	184000000	185000000	1681
chr2	185000000	186000000	1591
chr2	186000000	187000000	1617
chr2	187000000	188000000	1648
chr2	188000000	189000000	1604
chr2	189000000	190000000	1635
chr2	190000000	191000000	1722
chr2	191000000	192000000	1678
chr2	192000000	193000000	1668
chr2	193000000	194000000	1669
chr2	194000000	195000000	1599
chr2	195000000	196000000	1591
chr2	196000000	197000000	1646
chr2	197000000	198000000	1663
chr2	198000000	199000000	1751
chr2	199000000	200000000	1700
chr2	200000000	201000000	1574
chr2	201000000	202000000	1673
chr2	202000000	203000000	1579
chr2	203000000	204000000	1710
chr2	204000000	205000000	1586
chr2	205000000	206000000	1643
chr2	206000000	207000000	1634
chr2	207000000	208000000	1649
chr2	208000000	209000000	1670
chr2	209000000	210000000	1661
chr2	210000000	211000000	1596
chr2	211000000	212000000	1708
chr2	212000000	213000000	1584
chr2	213000000	214000000	1650
chr2	214000000	215000000	1693
chr2	215000000	216000000	1678
chr2	216000000	217000000	1677
chr2	217000000	218000000	1695
chr2	218000000	219000000	1667
chr2	219000000	220000000	1696
chr2	220000000	221000000	1677
chr2	221000000	222000000	1579
chr2	222000000	223000000	1636
chr2	223000000	224000000	1710
chr2	224000000	225000000	1640
chr2	225000000	226000000	1709
chr2	226000000	227000000	1638
chr2	227000000	228000000	1699
chr2	228000000	229000000	1565
chr2	229000000	230000000	1591
chr2	230000000	231000000	1606
chr2	231000000	232000000	1706
chr2	232000000	233000000	1908
chr2	233000000	234000000	1618
chr2	234000000	235000000	1682
chr2	235000000	236000000	1692
chr2	236000000	237000000	1692
chr2	237000000	238000000	1656
chr2	238000000	239000000	1611
chr2	239000000	240000000	1693
chr2	240000000	241000000	1598
chr2	241000000	242000000	1676
chr2	242000000	242696752	1613
chr3	0	1000000	1886
chr3	1000000	2000000	1710
chr3	2000000	3000000	1644
chr3	3000000	4000000	1733
chr3	4000000	5000000	1633
chr3	5000000	6000000	1663
chr3	6000000	7000000	1681
chr3	7000000	8000000	1704
chr3	8000000	9000000	1638
chr3	9000000	10000000	1609
chr3	10000000	11000000	1687
chr3	11000000	12000000	1673
chr3	12000000	13000000	1588
chr3	13000000	14000000	1667
chr3	14000000	15000000	1612
chr3	15000000	16000000	1674
chr3	16000000	17000000	1612
chr3	17000000	18000000	1667
chr3	18000000	19000000	1645
chr3	19000000	20000000	1650
chr3	20000000	21000000	1606
chr3	21000000	22000000	1723
chr3	22000000	23000000	1632
chr3	23000000	24000000	1612
chr3	24000000	25000000	1600
chr3	25000000	26000000	1680
chr3	26000000	27000000	1781
chr3	27000000	28000000	1662
chr3	28000000	29000000	1712
chr3	29000000	30000000	1599
chr3	30000000	31000000	1678
chr3	31000000	32000000	1629
chr3	32000000	33000000	1721
chr3	33000000	34000000	1694
chr3	34000000	35000000	1607
chr3	35000000	36000000	1685
chr3	36000000	37000000	1695
chr3	37000000	38000000	1662
chr3	38000000	39000000	1743
chr3	39000000	40000000	1648
chr3	40000000	41000000	1692
chr3	41000000	42000000	1648
chr3	42000000	43000000	1610
chr3	43000000	44000000	1657
chr3	44000000	45000000	1629
chr3	45000000	46000000	1639
chr3	46000000	47000000	1665
chr3	47000000	48000000	1634
chr3	48000000	49000000	1726
chr3	49000000	50000000	1590
chr3	50000000	51000000	1603
chr3	51000000	52000000	1682
chr3	52000000	53000000	1588
chr3	53000000	54000000	1616
chr3	54000000	55000000	1697
chr3	55000000	56000000	1631
chr3	56000000	57000000	1694
chr3	57000000	58000000	1623
chr3	58000000	59000000	1664
chr3	59000000	60000000	1606
chr3	60000000	61000000	1726
chr3	61000000	62000000	1683
chr3	62000000	63000000	1624
chr3	63000000	64000000	1639
chr3	64000000	65000000	1654
chr3	65000000	66000000	1712
chr3	66000000	67000000	1676
chr3	67000000	68000000	1579
chr3	68000000	69000000	1682
chr3	69000000	70000000	1667
chr3	70000000	71000000	1736
chr3	71000000	72000000	1710
chr3	72000000	73000000	1681
chr3	73000000	74000000	1651
chr3	74000000	75000000	1594
chr3	75000000	76000000	1835
chr3	76000000	77000000	1613
chr3	77000000	78000000	1652
chr3	78000000	79000000	1669
chr3	79000000	80000000	1596
chr3	80000000	81000000	1607
chr3	81000000	82000000	1649
chr3	82000000	83000000	1651
chr3	83000000	84000000	1627
chr3	84000000	85000000	1699
chr3	85000000	86000000	1623
chr3	86000000	87000000	1588
chr3	87000000	88000000	1692
chr3	88000000	89000000	1683
chr3	89000000	90000000	1740
chr3	90000000	91000000	3219
chr3	91000000	92000000	7112
chr3	92000000	93000000	12536
chr3	93000000	94000000	714
chr3	94000000	95000000	1449
chr3	95000000	96000000	8287
chr3	96000000	97000000	5222
chr3	97000000	98000000	1608
chr3	98000000	99000000	1592
chr3	99000000	100000000	1572
chr3	100000000	101000000	1627
chr3	101000000	102000000	1610
chr3	102000000	103000000	1690
chr3	103000000	104000000	1699
chr3	104000000	105000000	1739
chr3	105000000	106000000	1737
chr3	106000000	107000000	1637
chr3	107000000	108000000	1536
chr3	108000000	109000000	1620
chr3	109000000	110000000	1702
chr3	110000000	111000000	1616
chr3	111000000	112000000	1757
chr3	112000000	113000000	1649
chr3	113000000	114000000	1647
chr3	114000000	115000000	1734
chr3	115000000	116000000	1754
chr3	116000000	117000000	1597
chr3	117000000	118000000	1619
chr3	118000000	119000000	1601
chr3	119000000	120000000	1731
chr3	120000000	121000000	1652
chr3	121000000	122000000	1726
chr3	122000000	123000000	1679
chr3	123000000	124000000	1665
chr3	124000000	125000000	1689
chr3	125000000	126000000	1736
chr3	126000000	127000000	1726
chr3	127000000	128000000	1655
chr3	128000000	129000000	1848
chr3	129000000	130000000	1706
chr3	130000000	131000000	1605
chr3	131000000	132000000	1646
chr3	132000000	133000000	1827
chr3	133000000	134000000	1740
chr3	134000000	135000000	1660
chr3	135000000	136000000	1714
chr3	136000000	137000000	1637
chr3	137000000	138000000	1622
chr3	138000000	139000000	1716
chr3	139000000	140000000	1784
chr3	140000000	141000000	1653
chr3	141000000	142000000	1657
chr3	142000000	143000000	1686
chr3	143000000	144000000	1714
chr3	144000000	145000000	1678
chr3	145000000	146000000	1722
chr3	146000000	147000000	1699
chr3	147000000	148000000	1664
chr3	148000000	149000000	1612
chr3	149000000	150000000	1658
chr3	150000000	151000000	1689
chr3	151000000	152000000	1654
chr3	152000000	153000000	1643
chr3	153000000	154000000	1642
chr3	154000000	155000000	1674
chr3	155000000	156000000	1634
chr3	156000000	157000000	1669
chr3	157000000	158000000	1692
chr3	158000000	159000000	1672
chr3	159000000	160000000	1661
chr3	160000000	161000000	1748
chr3	161000000	162000000	1727
chr3	162000000	163000000	1658
chr3	163000000	164000000	1559
chr3	164000000	165000000	1666
chr3	165000000	166000000	1498
chr3	166000000	167000000	1649
chr3	167000000	168000000	1593
chr3	168000000	169000000	1611
chr3	169000000	170000000	1563
chr3	170000000	171000000	1629
chr3	171000000	172000000	1727
chr3	172000000	173000000	1809
chr3	173000000	174000000	1706
chr3	174000000	175000000	1666
chr3	175000000	176000000	1734
chr3	176000000	177000000	1563
chr3	177000000	178000000	1532
chr3	178000000	179000000	1639
chr3	179000000	180000000	1697
chr3	180000000	181000000	1651
chr3	181000000	182000000	1656
chr3	182000000	183000000	1728
chr3	183000000	184000000	1670
chr3	184000000	185000000	1674
chr3	185000000	186000000	1645
chr3	186000000	187000000	1700
chr3	187000000	188000000	1667
chr3	188000000	189000000	1640
chr3	189000000	190000000	1684
chr3	190000000	191000000	1630
chr3	191000000	192000000	1641
chr3	192000000	193000000	1744
chr3	193000000	194000000	1757
chr3	194000000	195000000	1647
chr3	195000000	196000000	1685
chr3	196000000	197000000	1658
chr3	197000000	198000000	1621
chr3	198000000	199000000	2217
chr3	199000000	200000000	1676
chr3	200000000	201000000	3113
chr3	201000000	201105948	863
chr4	0	1000000	2085
chr4	1000000	2000000	1716
chr4	2000000	3000000	1595
chr4	3000000	4000000	1887
chr4	4000000	5000000	1745
chr4	5000000	6000000	1651
chr4	6000000	7000000	1589
chr4	7000000	8000000	1632
chr4	8000000	9000000	1757
chr4	9000000	10000000	4911
chr4	10000000	11000000	1611
chr4	11000000	12000000	1700
chr4	12000000	13000000	1668
chr4	13000000	14000000	1601
chr4	14000000	15000000	1647
chr4	15000000	16000000	1644
chr4	16000000	17000000	1659
chr4	17000000	18000000	1634
chr4	18000000	19000000	1628
chr4	19000000	20000000	1618
chr4	20000000	21000000	1643
chr4	21000000	22000000	1713
chr4	22000000	23000000	1631
chr4	23000000	24000000	1592
chr4	24000000	25000000	1641
chr4	25000000	26000000	1696
chr4	26000000	27000000	1690
chr4	27000000	28000000	1657
chr4	28000000	29000000	1550
chr4	29000000	30000000	1583
chr4	30000000	31000000	1582
chr4	31000000	32000000	1612
chr4	32000000	33000000	1527
chr4	33000000	34000000	1622
chr4	34000000	35000000	1519
chr4	35000000	36000000	1610
chr4	36000000	37000000	1638
chr4	37000000	38000000	1674
chr4	38000000	39000000	1624
chr4	39000000	40000000	1638
chr4	40000000	41000000	1679
chr4	41000000	42000000	1639
chr4	42000000	43000000	1672
chr4	43000000	44000000	1676
chr4	44000000	45000000	1626
chr4	45000000	46000000	1620
chr4	46000000	47000000	1538
chr4	47000000	48000000	1657
chr4	48000000	49000000	1646
chr4	49000000	50000000	5421
chr4	50000000	51000000	4304
chr4	51000000	52000000	2929
chr4	52000000	53000000	1416
chr4	53000000	54000000	913
chr4	54000000	55000000	3413
chr4	55000000	56000000	5846
chr4	56000000	57000000	1647
chr4	57000000	58000000	1616
chr4	58000000	59000000	1682
chr4	59000000	60000000	1658
chr4	60000000	61000000	1678
chr4	61000000	62000000	1624
chr4	62000000	63000000	1613
chr4	63000000	64000000	1564
chr4	64000000	65000000	1638
chr4	65000000	66000000	1670
chr4	66000000	67000000	1567
chr4	67000000	68000000	1592
chr4	68000000	69000000	1705
chr4	69000000	70000000	1562
chr4	70000000	71000000	1689
chr4	71000000	72000000	1727
chr4	72000000	73000000	1901
chr4	73000000	74000000	1659
chr4	74000000	75000000	1657
chr4	75000000	76000000	1668
chr4	76000000	77000000	1649
chr4	77000000	78000000	1675
chr4	78000000	79000000	1656
chr4	79000000	80000000	1640
chr4	80000000	81000000	1697
chr4	81000000	82000000	1718
chr4	82000000	83000000	1729
chr4	83000000	84000000	1676
chr4	84000000	85000000	1657
chr4	85000000	86000000	1714
chr4	86000000	87000000	1620
chr4	87000000	88000000	1673
chr4	88000000	89000000	1654
chr4	89000000	90000000	1689
chr4	90000000	91000000	1702
chr4	91000000	92000000	1785
chr4	92000000	93000000	1680
chr4	93000000	94000000	1619
chr4	94000000	95000000	1617
chr4	95000000	96000000	1689
chr4	96000000	97000000	1638
chr4	97000000	98000000	1677
chr4	98000000	99000000	1655
chr4	99000000	100000000	1631
chr4	100000000	101000000	1630
chr4	101000000	102000000	1642
chr4	102000000	103000000	1723
chr4	103000000	104000000	1633
chr4	104000000	105000000	1704
chr4	105000000	106000000	1625
chr4	106000000	107000000	1766
chr4	107000000	108000000	1659
chr4	108000000	109000000	1719
chr4	109000000	110000000	1705
chr4	110000000	111000000	1629
chr4	111000000	112000000	1681
chr4	112000000	113000000	1620
chr4	113000000	114000000	1633
chr4	114000000	115000000	1674
chr4	115000000	116000000	1658
chr4	116000000	117000000	1647
chr4	117000000	118000000	1700
chr4	118000000	119000000	1560
chr4	119000000	120000000	1621
chr4	120000000	121000000	1662
chr4	121000000	122000000	2358
chr4	122000000	123000000	1912
chr4	123000000	124000000	1719
chr4	124000000	125000000	1645
chr4	125000000	126000000	1706
chr4	126000000	127000000	1628
chr4	127000000	128000000	1744
chr4	128000000	129000000	1639
chr4	129000000	130000000	1560
chr4	130000000	131000000	1687
chr4	131000000	132000000	1614
chr4	132000000	133000000	1635
chr4	133000000	134000000	1641
chr4	134000000	135000000	1694
chr4	135000000	136000000	2476
chr4	136000000	137000000	1610
chr4	137000000	138000000	1635
chr4	138000000	139000000	1646
chr4	139000000	140000000	1663
chr4	140000000	141000000	1607
chr4	141000000	142000000	1652
chr4	142000000	143000000	1647
chr4	143000000	144000000	1675
chr4	144000000	145000000	1766
chr4	145000000	146000000	1610
chr4	146000000	147000000	1756
chr4	147000000	148000000	1861
chr4	148000000	149000000	1618
chr4	149000000	150000000	1764
chr4	150000000	151000000	1636
chr4	151000000	152000000	1644
chr4	152000000	153000000	1659
chr4	153000000	154000000	1705
chr4	154000000	155000000	1635
chr4	155000000	156000000	1714
chr4	156000000	157000000	1623
chr4	157000000	158000000	1627
chr4	158000000	159000000	1684
chr4	159000000	160000000	1630
chr4	160000000	161000000	1634
chr4	161000000	162000000	1710
chr4	162000000	163000000	1619
chr4	163000000	164000000	1648
chr4	164000000	165000000	1534
chr4	165000000	166000000	1678
chr4	166000000	167000000	1646
chr4	167000000	168000000	1713
chr4	168000000	169000000	1766
chr4	169000000	170000000	1736
chr4	170000000	171000000	1667
chr4	171000000	172000000	1622
chr4	172000000	173000000	1721
chr4	173000000	174000000	1720
chr4	174000000	175000000	1622
chr4	175000000	176000000	1650
chr4	176000000	177000000	1665
chr4	177000000	178000000	1749
chr4	178000000	179000000	1649
chr4	179000000	180000000	1646
chr4	180000000	181000000	1700
chr4	181000000	182000000	1586
chr4	182000000	183000000	1622
chr4	183000000	184000000	1641
chr4	184000000	185000000	1810
chr4	185000000	186000000	1663
chr4	186000000	187000000	1682
chr4	187000000	188000000	1659
chr4	188000000	189000000	1627
chr4	189000000	190000000	1716
chr4	190000000	191000000	1718
chr4	191000000	192000000	1645
chr4	192000000	193000000	1905
chr4	193000000	193574945	2632
chr5	0	1000000	1955
chr5	1000000	2000000	1833
chr5	2000000	3000000	1693
chr5	3000000	4000000	1596
chr5	4000000	5000000	1616
chr5	5000000	6000000	1690
chr5	6000000	7000000	1595
chr5	7000000	8000000	1683
chr5	8000000	9000000	1687
chr5	9000000	10000000	1685
chr5	10000000	11000000	1591
chr5	11000000	12000000	1658
chr5	12000000	13000000	1658
chr5	13000000	14000000	1712
chr5	14000000	15000000	1654
chr5	15000000	16000000	1709
chr5	16000000	17000000	1621
chr5	17000000	18000000	3318
chr5	18000000	19000000	1642
chr5	19000000	20000000	1613
chr5	20000000	21000000	2036
chr5	21000000	22000000	3137
chr5	22000000	23000000	1840
chr5	23000000	24000000	1600
chr5	24000000	25000000	1544
chr5	25000000	26000000	1605
chr5	26000000	27000000	1514
chr5	27000000	28000000	1661
chr5	28000000	29000000	1662
chr5	29000000	30000000	1683
chr5	30000000	31000000	1720
chr5	31000000	32000000	1631
chr5	32000000	33000000	1610
chr5	33000000	34000000	1678
chr5	34000000	35000000	3288
chr5	35000000	36000000	1693
chr5	36000000	37000000	1606
chr5	37000000	38000000	1694
chr5	38000000	39000000	1669
chr5	39000000	40000000	1554
chr5	40000000	41000000	1701
chr5	41000000	42000000	1710
chr5	42000000	43000000	1750
chr5	43000000	44000000	1697
chr5	44000000	45000000	1662
chr5	45000000	46000000	1722
chr5	46000000	47000000	2515
chr5	47000000	48000000	4997
chr5	48000000	49000000	5127
chr5	49000000	50000000	4655
chr5	50000000	51000000	5769
chr5	51000000	52000000	1687
chr5	52000000	53000000	1632
chr5	53000000	54000000	1630
chr5	54000000	55000000	1724
chr5	55000000	56000000	1668
chr5	56000000	57000000	1653
chr5	57000000	58000000	1702
chr5	58000000	59000000	1725
chr5	59000000	60000000	1652
chr5	60000000	61000000	1693
chr5	61000000	62000000	1640
chr5	62000000	63000000	1716
chr5	63000000	64000000	1705
chr5	64000000	65000000	1577
chr5	65000000	66000000	1611
chr5	66000000	67000000	1706
chr5	67000000	68000000	1738
chr5	68000000	69000000	1710
chr5	69000000	70000000	1637
chr5	70000000	71000000	4951
chr5	71000000	72000000	6420
chr5	72000000	73000000	1642
chr5	73000000	74000000	1757
chr5	74000000	75000000	1662
chr5	75000000	76000000	1545
chr5	76000000	77000000	1888
chr5	77000000	78000000	1657
chr5	78000000	79000000	1714
chr5	79000000	80000000	1750
chr5	80000000	81000000	1636
chr5	81000000	82000000	1775
chr5	82000000	83000000	1776
chr5	83000000	84000000	1676
chr5	84000000	85000000	1644
chr5	85000000	86000000	1641
chr5	86000000	87000000	1641
chr5	87000000	88000000	1628
chr5	88000000	89000000	1587
chr5	89000000	90000000	1568
chr5	90000000	91000000	1625
chr5	91000000	92000000	1671
chr5	92000000	93000000	1603
chr5	93000000	94000000	1627
chr5	94000000	95000000	1592
chr5	95000000	96000000	1636
chr5	96000000	97000000	1689
chr5	97000000	98000000	1704
chr5	98000000	99000000	1654
chr5	99000000	100000000	1756
chr5	100000000	101000000	1951
chr5	101000000	102000000	1588
chr5	102000000	103000000	1639
chr5	103000000	104000000	1737
chr5	104000000	105000000	1643
chr5	105000000	106000000	1593
chr5	106000000	107000000	1596
chr5	107000000	108000000	1584
chr5	108000000	109000000	1688
chr5	109000000	110000000	1658
chr5	110000000	111000000	1696
chr5	111000000	112000000	1708
chr5	112000000	113000000	1676
chr5	113000000	114000000	1745
chr5	114000000	115000000	1651
chr5	115000000	116000000	1691
chr5	116000000	117000000	1690
chr5	117000000	118000000	1583
chr5	118000000	119000000	1654
chr5	119000000	120000000	1706
chr5	120000000	121000000	1696
chr5	121000000	122000000	1646
chr5	122000000	123000000	1668
chr5	123000000	124000000	1634
chr5	124000000	125000000	1727
chr5	125000000	126000000	1720
chr5	126000000	127000000	1617
chr5	127000000	128000000	1762
chr5	128000000	129000000	1610
chr5	129000000	130000000	1657
chr5	130000000	131000000	1597
chr5	131000000	132000000	1646
chr5	132000000	133000000	1731
chr5	133000000	134000000	1689
chr5	134000000	135000000	1712
chr5	135000000	136000000	1709
chr5	136000000	137000000	1650
chr5	137000000	138000000	1685
chr5	138000000	139000000	1709
chr5	139000000	140000000	1667
chr5	140000000	141000000	1563
chr5	141000000	142000000	1735
chr5	142000000	143000000	1635
chr5	143000000	144000000	1593
chr5	144000000	145000000	1672
chr5	145000000	146000000	1629
chr5	146000000	147000000	1664
chr5	147000000	148000000	1717
chr5	148000000	149000000	1733
chr5	149000000	150000000	1677
chr5	150000000	151000000	1624
chr5	151000000	152000000	1715
chr5	152000000	153000000	1779
chr5	153000000	154000000	1724
chr5	154000000	155000000	1692
chr5	155000000	156000000	1726
chr5	156000000	157000000	1633
chr5	157000000	158000000	1783
chr5	158000000	159000000	1730
chr5	159000000	160000000	1725
chr5	160000000	161000000	1593
chr5	161000000	162000000	1736
chr5	162000000	163000000	1664
chr5	163000000	164000000	1626
chr5	164000000	165000000	1649
chr5	165000000	166000000	1632
chr5	166000000	167000000	1678
chr5	167000000	168000000	1635
chr5	168000000	169000000	1617
chr5	169000000	170000000	1624
chr5	170000000	171000000	1620
chr5	171000000	172000000	1727
chr5	172000000	173000000	1624
chr5	173000000	174000000	1694
chr5	174000000	175000000	1701
chr5	175000000	176000000	1681
chr5	176000000	177000000	2138
chr5	177000000	178000000	1666
chr5	178000000	179000000	2304
chr5	179000000	180000000	1575
chr5	180000000	181000000	1711
chr5	181000000	182000000	3146
chr5	182000000	182045439	422
chr6	0	1000000	1996
chr6	1000000	2000000	1645
chr6	2000000	3000000	1749
chr6	3000000	4000000	1692
chr6	4000000	5000000	1705
chr6	5000000	6000000	1688
chr6	6000000	7000000	1617
chr6	7000000	8000000	1592
chr6	8000000	9000000	1614
chr6	9000000	10000000	1687
chr6	10000000	11000000	1728
chr6	11000000	12000000	1573
chr6	12000000	13000000	1608
chr6	13000000	14000000	1590
chr6	14000000	15000000	1585
chr6	15000000	16000000	1591
chr6	16000000	17000000	1608
chr6	17000000	18000000	1607
chr6	18000000	19000000	1713
chr6	19000000	20000000	1732
chr6	20000000	21000000	1669
chr6	21000000	22000000	1652
chr6	22000000	23000000	1642
chr6	23000000	24000000	1627
chr6	24000000	25000000	1568
chr6	25000000	26000000	1586
chr6	26000000	27000000	2509
chr6	27000000	28000000	1632
chr6	28000000	29000000	1616
chr6	29000000	30000000	1580
chr6	30000000	31000000	1698
chr6	31000000	32000000	1725
chr6	32000000	33000000	1675
chr6	33000000	34000000	1566
chr6	34000000	35000000	1583
chr6	35000000	36000000	1612
chr6	36000000	37000000	1584
chr6	37000000	38000000	1591
chr6	38000000	39000000	1598
chr6	39000000	40000000	1684
chr6	40000000	41000000	1627
chr6	41000000	42000000	1561
chr6	42000000	43000000	1612
chr6	43000000	44000000	1583
chr6	44000000	45000000	1722
chr6	45000000	46000000	1623
chr6	46000000	47000000	1757
chr6	47000000	48000000	1679
chr6	48000000	49000000	1582
chr6	49000000	50000000	1636
chr6	50000000	51000000	1692
chr6	51000000	52000000	1737
chr6	52000000	53000000	1672
chr6	53000000	54000000	1674
chr6	54000000	55000000	1674
chr6	55000000	56000000	1651
chr6	56000000	57000000	1704
chr6	57000000	58000000	2917
chr6	58000000	59000000	16583
chr6	59000000	60000000	2250
chr6	60000000	61000000	969
chr6	61000000	62000000	2190
chr6	62000000	63000000	1724
chr6	63000000	64000000	1607
chr6	64000000	65000000	1593
chr6	65000000	66000000	1668
chr6	66000000	67000000	1623
chr6	67000000	68000000	1594
chr6	68000000	69000000	1578
chr6	69000000	70000000	1648
chr6	70000000	71000000	1659
chr6	71000000	72000000	1669
chr6	72000000	73000000	1751
chr6	73000000	74000000	1583
chr6	74000000	75000000	1656
chr6	75000000	76000000	1666
chr6	76000000	77000000	1716
chr6	77000000	78000000	1666
chr6	78000000	79000000	1716
chr6	79000000	80000000	1637
chr6	80000000	81000000	1676
chr6	81000000	82000000	1651
chr6	82000000	83000000	1652
chr6	83000000	84000000	1690
chr6	84000000	85000000	1631
chr6	85000000	86000000	1639
chr6	86000000	87000000	1749
chr6	87000000	88000000	1705
chr6	88000000	89000000	1664
chr6	89000000	90000000	1699
chr6	90000000	91000000	1658
chr6	91000000	92000000	1705
chr6	92000000	93000000	1615
chr6	93000000	94000000	1660
chr6	94000000	95000000	1565
chr6	95000000	96000000	1730
chr6	96000000	97000000	1618
chr6	97000000	98000000	1609
chr6	98000000	99000000	1603
chr6	99000000	100000000	1601
chr6	100000000	101000000	1590
chr6	101000000	102000000	1678
chr6	102000000	103000000	1647
chr6	103000000	104000000	1558
chr6	104000000	105000000	1556
chr6	105000000	106000000	1765
chr6	106000000	107000000	1625
chr6	107000000	108000000	1752
chr6	108000000	109000000	1659
chr6	109000000	110000000	1635
chr6	110000000	111000000	1701
chr6	111000000	112000000	1727
chr6	112000000	113000000	1642
chr6	113000000	114000000	1694
chr6	114000000	115000000	1590
chr6	115000000	116000000	1730
chr6	116000000	117000000	1677
chr6	117000000	118000000	1669
chr6	118000000	119000000	1641
chr6	119000000	120000000	1660
chr6	120000000	121000000	1613
chr6	121000000	122000000	1609
chr6	122000000	123000000	1723
chr6	123000000	124000000	1610
chr6	124000000	125000000	1710
chr6	125000000	126000000	1686
chr6	126000000	127000000	1739
chr6	127000000	128000000	1593
chr6	128000000	129000000	1620
chr6	129000000	130000000	1560
chr6	130000000	131000000	1790
chr6	131000000	132000000	1583
chr6	132000000	133000000	1847
chr6	133000000	134000000	1650
chr6	134000000	135000000	1786
chr6	135000000	136000000	1640
chr6	136000000	137000000	1685
chr6	137000000	138000000	1701
chr6	138000000	139000000	1681
chr6	139000000	140000000	1724
chr6	140000000	141000000	1643
chr6	141000000	142000000	1639
chr6	142000000	143000000	1622
chr6	143000000	144000000	1630
chr6	144000000	145000000	1625
chr6	145000000	146000000	1650
chr6	146000000	147000000	1702
chr6	147000000	148000000	1720
chr6	148000000	149000000	1606
chr6	149000000	150000000	1673
chr6	150000000	151000000	1711
chr6	151000000	152000000	1611
chr6	152000000	153000000	1676
chr6	153000000	154000000	1639
chr6	154000000	155000000	1756
chr6	155000000	156000000	1652
chr6	156000000	157000000	1672
chr6	157000000	158000000	1719
chr6	158000000	159000000	1741
chr6	159000000	160000000	1747
chr6	160000000	161000000	1687
chr6	161000000	162000000	2213
chr6	162000000	163000000	1646
chr6	163000000	164000000	1568
chr6	164000000	165000000	1675
chr6	165000000	166000000	1633
chr6	166000000	167000000	1690
chr6	167000000	168000000	1653
chr6	168000000	169000000	1759
chr6	169000000	170000000	1689
chr6	170000000	171000000	1670
chr6	171000000	172000000	2002
chr6	172000000	172126628	1143
chr7	0	1000000	3043
chr7	1000000	2000000	1764
chr7	2000000	3000000	1568
chr7	3000000	4000000	1727
chr7	4000000	5000000	1872
chr7	5000000	6000000	1641
chr7	6000000	7000000	1932
chr7	7000000	8000000	1783
chr7	8000000	9000000	1683
chr7	9000000	10000000	1540
chr7	10000000	11000000	1632
chr7	11000000	12000000	1636
chr7	12000000	13000000	1666
chr7	13000000	14000000	1647
chr7	14000000	15000000	1677
chr7	15000000	16000000	1614
chr7	16000000	17000000	1608
chr7	17000000	18000000	1624
chr7	18000000	19000000	1627
chr7	19000000	20000000	1616
chr7	20000000	21000000	1702
chr7	21000000	22000000	1666
chr7	22000000	23000000	1657
chr7	23000000	24000000	1704
chr7	24000000	25000000	1668
chr7	25000000	26000000	1785
chr7	26000000	27000000	1669
chr7	27000000	28000000	1670
chr7	28000000	29000000	1656
chr7	29000000	30000000	1702
chr7	30000000	31000000	1656
chr7	31000000	32000000	1646
chr7	32000000	33000000	1850
chr7	33000000	34000000	1750
chr7	34000000	35000000	1701
chr7	35000000	36000000	1988
chr7	36000000	37000000	1779
chr7	37000000	38000000	1821
chr7	38000000	39000000	1757
chr7	39000000	40000000	1771
chr7	40000000	41000000	1701
chr7	41000000	42000000	1616
chr7	42000000	43000000	1634
chr7	43000000	44000000	1655
chr7	44000000	45000000	1979
chr7	45000000	46000000	1799
chr7	46000000	47000000	1702
chr7	47000000	48000000	1688
chr7	48000000	49000000	1706
chr7	49000000	50000000	1683
chr7	50000000	51000000	1688
chr7	51000000	52000000	1804
chr7	52000000	53000000	1685
chr7	53000000	54000000	1644
chr7	54000000	55000000	1700
chr7	55000000	56000000	1804
chr7	56000000	57000000	2652
chr7	57000000	58000000	2516
chr7	58000000	59000000	2434
chr7	59000000	60000000	3480
chr7	60000000	61000000	3905
chr7	61000000	62000000	2491
chr7	62000000	63000000	1309
chr7	63000000	64000000	2306
chr7	64000000	65000000	2786
chr7	65000000	66000000	1649
chr7	66000000	67000000	2782
chr7	67000000	68000000	1742
chr7	68000000	69000000	1980
chr7	69000000	70000000	1620
chr7	70000000	71000000	1713
chr7	71000000	72000000	1796
chr7	72000000	73000000	1635
chr7	73000000	74000000	1871
chr7	74000000	75000000	2870
chr7	75000000	76000000	1853
chr7	76000000	77000000	3904
chr7	77000000	78000000	2122
chr7	78000000	79000000	2324
chr7	79000000	80000000	1635
chr7	80000000	81000000	1635
chr7	81000000	82000000	1653
chr7	82000000	83000000	1678
chr7	83000000	84000000	1543
chr7	84000000	85000000	1620
chr7	85000000	86000000	1702
chr7	86000000	87000000	1571
chr7	87000000	88000000	1641
chr7	88000000	89000000	1675
chr7	89000000	90000000	1676
chr7	90000000	91000000	1531
chr7	91000000	92000000	1768
chr7	92000000	93000000	1718
chr7	93000000	94000000	1633
chr7	94000000	95000000	1591
chr7	95000000	96000000	1633
chr7	96000000	97000000	1652
chr7	97000000	98000000	1622
chr7	98000000	99000000	1631
chr7	99000000	100000000	1872
chr7	100000000	101000000	1587
chr7	101000000	102000000	1803
chr7	102000000	103000000	1895
chr7	103000000	104000000	3067
chr7	104000000	105000000	1951
chr7	105000000	106000000	1655
chr7	106000000	107000000	1642
chr7	107000000	108000000	1652
chr7	108000000	109000000	1709
chr7	109000000	110000000	1614
chr7	110000000	111000000	1649
chr7	111000000	112000000	1697
chr7	112000000	113000000	1678
chr7	113000000	114000000	1763
chr7	114000000	115000000	1708
chr7	115000000	116000000	1666
chr7	116000000	117000000	1594
chr7	117000000	118000000	1605
chr7	118000000	119000000	1596
chr7	119000000	120000000	1651
chr7	120000000	121000000	1537
chr7	121000000	122000000	1511
chr7	122000000	123000000	1725
chr7	123000000	124000000	1600
chr7	124000000	125000000	1643
chr7	125000000	126000000	1710
chr7	126000000	127000000	1673
chr7	127000000	128000000	1598
chr7	128000000	129000000	1599
chr7	129000000	130000000	1753
chr7	130000000	131000000	1633
chr7	131000000	132000000	1726
chr7	132000000	133000000	1606
chr7	133000000	134000000	1587
chr7	134000000	135000000	1643
chr7	135000000	136000000	1647
chr7	136000000	137000000	1707
chr7	137000000	138000000	1637
chr7	138000000	139000000	1722
chr7	139000000	140000000	1606
chr7	140000000	141000000	1649
chr7	141000000	142000000	1648
chr7	142000000	143000000	1800
chr7	143000000	144000000	1645
chr7	144000000	145000000	1894
chr7	145000000	146000000	2440
chr7	146000000	147000000	1697
chr7	147000000	148000000	1598
chr7	148000000	149000000	1750
chr7	149000000	150000000	1755
chr7	150000000	151000000	1659
chr7	151000000	152000000	2108
chr7	152000000	153000000	1596
chr7	153000000	154000000	1866
chr7	154000000	155000000	1779
chr7	155000000	156000000	1965
chr7	156000000	157000000	1544
chr7	157000000	158000000	1736
chr7	158000000	159000000	1667
chr7	159000000	160000000	2018
chr7	160000000	160567428	975
chr8	0	1000000	1973
chr8	1000000	2000000	1726
chr8	2000000	3000000	1978
chr8	3000000	4000000	1618
chr8	4000000	5000000	1621
chr8	5000000	6000000	1660
chr8	6000000	7000000	2030
chr8	7000000	8000000	2795
chr8	8000000	9000000	1679
chr8	9000000	10000000	1669
chr8	10000000	11000000	1625
chr8	11000000	12000000	2195
chr8	12000000	13000000	3779
chr8	13000000	14000000	1687
chr8	14000000	15000000	1658
chr8	15000000	16000000	1600
chr8	16000000	17000000	1541
chr8	17000000	18000000	1744
chr8	18000000	19000000	1720
chr8	19000000	20000000	1598
chr8	20000000	21000000	1672
chr8	21000000	22000000	1663
chr8	22000000	23000000	1635
chr8	23000000	24000000	1695
chr8	24000000	25000000	1647
chr8	25000000	26000000	1689
chr8	26000000	27000000	1698
chr8	27000000	28000000	1618
chr8	28000000	29000000	1707
chr8	29000000	30000000	1648
chr8	30000000	31000000	1611
chr8	31000000	32000000	1655
chr8	32000000	33000000	1704
chr8	33000000	34000000	1772
chr8	34000000	35000000	1615
chr8	35000000	36000000	1642
chr8	36000000	37000000	1656
chr8	37000000	38000000	1663
chr8	38000000	39000000	1687
chr8	39000000	40000000	1387
chr8	40000000	41000000	1681
chr8	41000000	42000000	1669
chr8	42000000	43000000	1671
chr8	43000000	44000000	1564
chr8	44000000	45000000	9549
chr8	45000000	46000000	6105
chr8	46000000	47000000	3879
chr8	47000000	48000000	1617
chr8	48000000	49000000	1595
chr8	49000000	50000000	1691
chr8	50000000	51000000	1659
chr8	51000000	52000000	1704
chr8	52000000	53000000	1656
chr8	53000000	54000000	1582
chr8	54000000	55000000	1676
chr8	55000000	56000000	1754
chr8	56000000	57000000	1725
chr8	57000000	58000000	2064
chr8	58000000	59000000	1703
chr8	59000000	60000000	1622
chr8	60000000	61000000	1682
chr8	61000000	62000000	1627
chr8	62000000	63000000	1637
chr8	63000000	64000000	1692
chr8	64000000	65000000	1655
chr8	65000000	66000000	1644
chr8	66000000	67000000	1747
chr8	67000000	68000000	1582
chr8	68000000	69000000	1713
chr8	69000000	70000000	1575
chr8	70000000	71000000	1676
chr8	71000000	72000000	1768
chr8	72000000	73000000	1630
chr8	73000000	74000000	1706
chr8	74000000	75000000	1682
chr8	75000000	76000000	1646
chr8	76000000	77000000	1651
chr8	77000000	78000000	1538
chr8	78000000	79000000	1736
chr8	79000000	80000000	1698
chr8	80000000	81000000	1676
chr8	81000000	82000000	1649
chr8	82000000	83000000	1576
chr8	83000000	84000000	1581
chr8	84000000	85000000	1654
chr8	85000000	86000000	1624
chr8	86000000	87000000	9458
chr8	87000000	88000000	1713
chr8	88000000	89000000	1696
chr8	89000000	90000000	1576
chr8	90000000	91000000	1693
chr8	91000000	92000000	1642
chr8	92000000	93000000	1667
chr8	93000000	94000000	1657
chr8	94000000	95000000	1629
chr8	95000000	96000000	1733
chr8	96000000	97000000	1669
chr8	97000000	98000000	1661
chr8	98000000	99000000	1723
chr8	99000000	100000000	1662
chr8	100000000	101000000	1734
chr8	101000000	102000000	1671
chr8	102000000	103000000	1680
chr8	103000000	104000000	1550
chr8	104000000	105000000	1664
chr8	105000000	106000000	1640
chr8	106000000	107000000	1679
chr8	107000000	108000000	1689
chr8	108000000	109000000	1751
chr8	109000000	110000000	1677
chr8	110000000	111000000	1651
chr8	111000000	112000000	1678
chr8	112000000	113000000	1642
chr8	113000000	114000000	1709
chr8	114000000	115000000	1594
chr8	115000000	116000000	1691
chr8	116000000	117000000	1665
chr8	117000000	118000000	1672
chr8	118000000	119000000	1610
chr8	119000000	120000000	1665
chr8	120000000	121000000	1724
chr8	121000000	122000000	1661
chr8	122000000	123000000	1674
chr8	123000000	124000000	1637
chr8	124000000	125000000	1694
chr8	125000000	126000000	1702
chr8	126000000	127000000	1674
chr8	127000000	128000000	1626
chr8	128000000	129000000	1712
chr8	129000000	130000000	1659
chr8	130000000	131000000	1777
chr8	131000000	132000000	1639
chr8	132000000	133000000	1722
chr8	133000000	134000000	1673
chr8	134000000	135000000	1666
chr8	135000000	136000000	1671
chr8	136000000	137000000	1716
chr8	137000000	138000000	1680
chr8	138000000	139000000	1553
chr8	139000000	140000000	1710
chr8	140000000	141000000	1631
chr8	141000000	142000000	1643
chr8	142000000	143000000	1626
chr8	143000000	144000000	1632
chr8	144000000	145000000	1646
chr8	145000000	146000000	1605
chr8	146000000	146259331	453
chr9	0	1000000	2770
chr9	1000000	2000000	1711
chr9	2000000	3000000	1630
chr9	3000000	4000000	1766
chr9	4000000	5000000	1813
chr9	5000000	6000000	1740
chr9	6000000	7000000	1746
chr9	7000000	8000000	1687
chr9	8000000	9000000	1683
chr9	9000000	10000000	1605
chr9	10000000	11000000	1583
chr9	11000000	12000000	1619
chr9	12000000	13000000	1539
chr9	13000000	14000000	1651
chr9	14000000	15000000	1662
chr9	15000000	16000000	1678
chr9	16000000	17000000	1677
chr9	17000000	18000000	1655
chr9	18000000	19000000	1668
chr9	19000000	20000000	1662
chr9	20000000	21000000	1646
chr9	21000000	22000000	1710
chr9	22000000	23000000	1684
chr9	23000000	24000000	1562
chr9	24000000	25000000	1636
chr9	25000000	26000000	1630
chr9	26000000	27000000	1657
chr9	27000000	28000000	1639
chr9	28000000	29000000	1714
chr9	29000000	30000000	1599
chr9	30000000	31000000	1660
chr9	31000000	32000000	1609
chr9	32000000	33000000	1737
chr9	33000000	34000000	1752
chr9	34000000	35000000	1617
chr9	35000000	36000000	1574
chr9	36000000	37000000	1742
chr9	37000000	38000000	1637
chr9	38000000	39000000	2135
chr9	39000000	40000000	5738
chr9	40000000	41000000	7962
chr9	41000000	42000000	6474
chr9	42000000	43000000	6874
chr9	43000000	44000000	6188
chr9	44000000	45000000	6013
chr9	45000000	46000000	9005
chr9	46000000	47000000	10682
chr9	47000000	48000000	5992
chr9	48000000	49000000	4550
chr9	49000000	50000000	3698
chr9	50000000	51000000	928
chr9	51000000	52000000	2551
chr9	52000000	53000000	2637
chr9	53000000	54000000	3840
chr9	54000000	55000000	1811
chr9	55000000	56000000	2167
chr9	56000000	57000000	1593
chr9	57000000	58000000	1642
chr9	58000000	59000000	1327
chr9	59000000	60000000	1352
chr9	60000000	61000000	2043
chr9	61000000	62000000	3174
chr9	62000000	63000000	3146
chr9	63000000	64000000	1793
chr9	64000000	65000000	1675
chr9	65000000	66000000	1994
chr9	66000000	67000000	2089
chr9	67000000	68000000	1982
chr9	68000000	69000000	1088
chr9	69000000	70000000	1109
chr9	70000000	71000000	1763
chr9	71000000	72000000	2122
chr9	72000000	73000000	2132
chr9	73000000	74000000	1982
chr9	74000000	75000000	2146
chr9	75000000	76000000	2839
chr9	76000000	77000000	2765
chr9	77000000	78000000	6726
chr9	78000000	79000000	6155
chr9	79000000	80000000	6822
chr9	80000000	81000000	5606
chr9	81000000	82000000	1709
chr9	82000000	83000000	1645
chr9	83000000	84000000	1658
chr9	84000000	85000000	1586
chr9	85000000	86000000	1620
chr9	86000000	87000000	1669
chr9	87000000	88000000	1664
chr9	88000000	89000000	1638
chr9	89000000	90000000	1686
chr9	90000000	91000000	1599
chr9	91000000	92000000	1716
chr9	92000000	93000000	1718
chr9	93000000	94000000	1672
chr9	94000000	95000000	1758
chr9	95000000	96000000	1779
chr9	96000000	97000000	1660
chr9	97000000	98000000	1777
chr9	98000000	99000000	1634
chr9	99000000	100000000	1626
chr9	100000000	101000000	1817
chr9	101000000	102000000	1659
chr9	102000000	103000000	1731
chr9	103000000	104000000	1654
chr9	104000000	105000000	1698
chr9	105000000	106000000	1657
chr9	106000000	107000000	1807
chr9	107000000	108000000	1601
chr9	108000000	109000000	1695
chr9	109000000	110000000	1871
chr9	110000000	111000000	1614
chr9	111000000	112000000	1670
chr9	112000000	113000000	1691
chr9	113000000	114000000	1632
chr9	114000000	115000000	1708
chr9	115000000	116000000	1647
chr9	116000000	117000000	1695
chr9	117000000	118000000	1757
chr9	118000000	119000000	1638
chr9	119000000	120000000	1608
chr9	120000000	121000000	1682
chr9	121000000	122000000	1575
chr9	122000000	123000000	1672
chr9	123000000	124000000	1668
chr9	124000000	125000000	1654
chr9	125000000	126000000	1913
chr9	126000000	127000000	1660
chr9	127000000	128000000	1656
chr9	128000000	129000000	1678
chr9	129000000	130000000	1552
chr9	130000000	131000000	1662
chr9	131000000	132000000	1636
chr9	132000000	133000000	1606
chr9	133000000	134000000	1680
chr9	134000000	135000000	1574
chr9	135000000	136000000	1610
chr9	136000000	137000000	1640
chr9	137000000	138000000	1650
chr9	138000000	139000000	1626
chr9	139000000	140000000	1592
chr9	140000000	141000000	1660
chr9	141000000	142000000	1604
chr9	142000000	143000000	1612
chr9	143000000	144000000	1707
chr9	144000000	145000000	1673
chr9	145000000	146000000	1629
chr9	146000000	147000000	1587
chr9	147000000	148000000	1600
chr9	148000000	149000000	1589
chr9	149000000	150000000	1724
chr9	150000000	150617247	2584
chr10	0	1000000	1808
chr10	1000000	2000000	1771
chr10	2000000	3000000	1723
chr10	3000000	4000000	1588
chr10	4000000	5000000	1692
chr10	5000000	6000000	1735
chr10	6000000	7000000	1729
chr10	7000000	8000000	1663
chr10	8000000	9000000	1680
chr10	9000000	10000000	1689
chr10	10000000	11000000	1654
chr10	11000000	12000000	1689
chr10	12000000	13000000	1637
chr10	13000000	14000000	1634
chr10	14000000	15000000	1555
chr10	15000000	16000000	1719
chr10	16000000	17000000	1660
chr10	17000000	18000000	1648
chr10	18000000	19000000	1686
chr10	19000000	20000000	1704
chr10	20000000	21000000	1699
chr10	21000000	22000000	1767
chr10	22000000	23000000	1737
chr10	23000000	24000000	1708
chr10	24000000	25000000	1669
chr10	25000000	26000000	1763
chr10	26000000	27000000	1750
chr10	27000000	28000000	1640
chr10	28000000	29000000	1725
chr10	29000000	30000000	1632
chr10	30000000	31000000	1610
chr10	31000000	32000000	1743
chr10	32000000	33000000	1668
chr10	33000000	34000000	1635
chr10	34000000	35000000	1646
chr10	35000000	36000000	1667
chr10	36000000	37000000	1669
chr10	37000000	38000000	1782
chr10	38000000	39000000	2617
chr10	39000000	40000000	2530
chr10	40000000	41000000	1476
chr10	41000000	42000000	7707
chr10	42000000	43000000	8673
chr10	43000000	44000000	2025
chr10	44000000	45000000	1661
chr10	45000000	46000000	1661
chr10	46000000	47000000	2630
chr10	47000000	48000000	3602
chr10	48000000	49000000	3422
chr10	49000000	50000000	1730
chr10	50000000	51000000	2315
chr10	51000000	52000000	1885
chr10	52000000	53000000	1630
chr10	53000000	54000000	1585
chr10	54000000	55000000	1632
chr10	55000000	56000000	1687
chr10	56000000	57000000	1605
chr10	57000000	58000000	1615
chr10	58000000	59000000	1539
chr10	59000000	60000000	1637
chr10	60000000	61000000	1649
chr10	61000000	62000000	1662
chr10	62000000	63000000	1665
chr10	63000000	64000000	1679
chr10	64000000	65000000	1660
chr10	65000000	66000000	1636
chr10	66000000	67000000	1640
chr10	67000000	68000000	1636
chr10	68000000	69000000	1668
chr10	69000000	70000000	1656
chr10	70000000	71000000	1568
chr10	71000000	72000000	1611
chr10	72000000	73000000	1575
chr10	73000000	74000000	1604
chr10	74000000	75000000	1881
chr10	75000000	76000000	1637
chr10	76000000	77000000	1683
chr10	77000000	78000000	1731
chr10	78000000	79000000	1681
chr10	79000000	80000000	1579
chr10	80000000	81000000	2344
chr10	81000000	82000000	1701
chr10	82000000	83000000	1674
chr10	83000000	84000000	1668
chr10	84000000	85000000	1643
chr10	85000000	86000000	1650
chr10	86000000	87000000	1614
chr10	87000000	88000000	1656
chr10	88000000	89000000	2845
chr10	89000000	90000000	1668
chr10	90000000	91000000	1685
chr10	91000000	92000000	1763
chr10	92000000	93000000	1667
chr10	93000000	94000000	1633
chr10	94000000	95000000	1660
chr10	95000000	96000000	1780
chr10	96000000	97000000	1739
chr10	97000000	98000000	1547
chr10	98000000	99000000	1650
chr10	99000000	100000000	1694
chr10	100000000	101000000	1722
chr10	101000000	102000000	1646
chr10	102000000	103000000	1646
chr10	103000000	104000000	1679
chr10	104000000	105000000	1619
chr10	105000000	106000000	1656
chr10	106000000	107000000	1636
chr10	107000000	108000000	1555
chr10	108000000	109000000	1605
chr10	109000000	110000000	1614
chr10	110000000	111000000	1657
chr10	111000000	112000000	1662
chr10	112000000	113000000	1672
chr10	113000000	114000000	1600
chr10	114000000	115000000	1642
chr10	115000000	116000000	1599
chr10	116000000	117000000	1668
chr10	117000000	118000000	1666
chr10	118000000	119000000	1625
chr10	119000000	120000000	1708
chr10	120000000	121000000	1687
chr10	121000000	122000000	1745
chr10	122000000	123000000	1632
chr10	123000000	124000000	1736
chr10	124000000	125000000	1650
chr10	125000000	126000000	1586
chr10	126000000	127000000	1661
chr10	127000000	128000000	1735
chr10	128000000	129000000	1683
chr10	129000000	130000000	1740
chr10	130000000	131000000	1615
chr10	131000000	132000000	1654
chr10	132000000	133000000	1719
chr10	133000000	134000000	1724
chr10	134000000	134758134	2521
chr11	0	1000000	3533
chr11	1000000	2000000	1705
chr11	2000000	3000000	1567
chr11	3000000	4000000	2029
chr11	4000000	5000000	2093
chr11	5000000	6000000	1675
chr11	6000000	7000000	1654
chr11	7000000	8000000	1652
chr11	8000000	9000000	1617
chr11	9000000	10000000	1588
chr11	10000000	11000000	1665
chr11	11000000	12000000	1680
chr11	12000000	13000000	1711
chr11	13000000	14000000	1619
chr11	14000000	15000000	1720
chr11	15000000	16000000	1683
chr11	16000000	17000000	1551
chr11	17000000	18000000	1630
chr11	18000000	19000000	1685
chr11	19000000	20000000	1629
chr11	20000000	21000000	1652
chr11	21000000	22000000	1640
chr11	22000000	23000000	1581
chr11	23000000	24000000	1668
chr11	24000000	25000000	1637
chr11	25000000	26000000	1634
chr11	26000000	27000000	1636
chr11	27000000	28000000	1629
chr11	28000000	29000000	1658
chr11	29000000	30000000	1641
chr11	30000000	31000000	1575
chr11	31000000	32000000	1646
chr11	32000000	33000000	1667
chr11	33000000	34000000	1679
chr11	34000000	35000000	1617
chr11	35000000	36000000	1694
chr11	36000000	37000000	1658
chr11	37000000	38000000	1681
chr11	38000000	39000000	1632
chr11	39000000	40000000	1661
chr11	40000000	41000000	1523
chr11	41000000	42000000	1616
chr11	42000000	43000000	1614
chr11	43000000	44000000	1680
chr11	44000000	45000000	1535
chr11	45000000	46000000	1595
chr11	46000000	47000000	1694
chr11	47000000	48000000	1658
chr11	48000000	49000000	1706
chr11	49000000	50000000	2018
chr11	50000000	51000000	1605
chr11	51000000	52000000	2457
chr11	52000000	53000000	1590
chr11	53000000	54000000	1937
chr11	54000000	55000000	3568
chr11	55000000	56000000	1655
chr11	56000000	57000000	1703
chr11	57000000	58000000	1638
chr11	58000000	59000000	1636
chr11	59000000	60000000	1653
chr11	60000000	61000000	1663
chr11	61000000	62000000	1726
chr11	62000000	63000000	1575
chr11	63000000	64000000	1741
chr11	64000000	65000000	1568
chr11	65000000	66000000	1606
chr11	66000000	67000000	1596
chr11	67000000	68000000	1938
chr11	68000000	69000000	1719
chr11	69000000	70000000	1577
chr11	70000000	71000000	1646
chr11	71000000	72000000	1972
chr11	72000000	73000000	1731
chr11	73000000	74000000	1730
chr11	74000000	75000000	1764
chr11	75000000	76000000	1730
chr11	76000000	77000000	1679
chr11	77000000	78000000	1763
chr11	78000000	79000000	1732
chr11	79000000	80000000	1692
chr11	80000000	81000000	1644
chr11	81000000	82000000	1579
chr11	82000000	83000000	1615
chr11	83000000	84000000	1675
chr11	84000000	85000000	1622
chr11	85000000	86000000	1636
chr11	86000000	87000000	1685
chr11	87000000	88000000	1660
chr11	88000000	89000000	1632
chr11	89000000	90000000	2515
chr11	90000000	91000000	1651
chr11	91000000	92000000	1579
chr11	92000000	93000000	1642
chr11	93000000	94000000	1703
chr11	94000000	95000000	1844
chr11	95000000	96000000	1668
chr11	96000000	97000000	1683
chr11	97000000	98000000	1695
chr11	98000000	99000000	1626
chr11	99000000	100000000	1553
chr11	100000000	101000000	1677
chr11	101000000	102000000	1674
chr11	102000000	103000000	1693
chr11	103000000	104000000	1573
chr11	104000000	105000000	1666
chr11	105000000	106000000	1588
chr11	106000000	107000000	1658
chr11	107000000	108000000	1652
chr11	108000000	109000000	1586
chr11	109000000	110000000	1693
chr11	110000000	111000000	1627
chr11	111000000	112000000	1560
chr11	112000000	113000000	1635
chr11	113000000	114000000	1596
chr11	114000000	115000000	1683
chr11	115000000	116000000	1690
chr11	116000000	117000000	1721
chr11	117000000	118000000	1680
chr11	118000000	119000000	1745
chr11	119000000	120000000	1594
chr11	120000000	121000000	1639
chr11	121000000	122000000	1755
chr11	122000000	123000000	1631
chr11	123000000	124000000	1679
chr11	124000000	125000000	1661
chr11	125000000	126000000	1647
chr11	126000000	127000000	1719
chr11	127000000	128000000	1792
chr11	128000000	129000000	1653
chr11	129000000	130000000	1647
chr11	130000000	131000000	1688
chr11	131000000	132000000	1657
chr11	132000000	133000000	1653
chr11	133000000	134000000	1659
chr11	134000000	135000000	1681
chr11	135000000	135127769	226
chr12	0	1000000	2006
chr12	1000000	2000000	1634
chr12	2000000	3000000	1711
chr12	3000000	4000000	1611
chr12	4000000	5000000	1726
chr12	5000000	6000000	1653
chr12	6000000	7000000	1379
chr12	7000000	8000000	903
chr12	8000000	9000000	1925
chr12	9000000	10000000	1916
chr12	10000000	11000000	1663
chr12	11000000	12000000	1649
chr12	12000000	13000000	1574
chr12	13000000	14000000	1677
chr12	14000000	15000000	1722
chr12	15000000	16000000	1694
chr12	16000000	17000000	1640
chr12	17000000	18000000	1643
chr12	18000000	19000000	1576
chr12	19000000	20000000	1676
chr12	20000000	21000000	1681
chr12	21000000	22000000	1647
chr12	22000000	23000000	1632
chr12	23000000	24000000	1587
chr12	24000000	25000000	1620
chr12	25000000	26000000	1647
chr12	26000000	27000000	1617
chr12	27000000	28000000	1730
chr12	28000000	29000000	1634
chr12	29000000	30000000	1592
chr12	30000000	31000000	1817
chr12	31000000	32000000	1683
chr12	32000000	33000000	1667
chr12	33000000	34000000	1728
chr12	34000000	35000000	2347
chr12	35000000	36000000	3118
chr12	36000000	37000000	2338
chr12	37000000	38000000	2013
chr12	38000000	39000000	1621
chr12	39000000	40000000	1707
chr12	40000000	41000000	1624
chr12	41000000	42000000	1638
chr12	42000000	43000000	1747
chr12	43000000	44000000	1695
chr12	44000000	45000000	1687
chr12	45000000	46000000	1600
chr12	46000000	47000000	1634
chr12	47000000	48000000	1667
chr12	48000000	49000000	1644
chr12	49000000	50000000	1620
chr12	50000000	51000000	1684
chr12	51000000	52000000	1682
chr12	52000000	53000000	1629
chr12	53000000	54000000	1673
chr12	54000000	55000000	1746
chr12	55000000	56000000	1731
chr12	56000000	57000000	1601
chr12	57000000	58000000	1674
chr12	58000000	59000000	1829
chr12	59000000	60000000	1642
chr12	60000000	61000000	1533
chr12	61000000	62000000	1649
chr12	62000000	63000000	1591
chr12	63000000	64000000	1957
chr12	64000000	65000000	1709
chr12	65000000	66000000	1624
chr12	66000000	67000000	1778
chr12	67000000	68000000	1733
chr12	68000000	69000000	1651
chr12	69000000	70000000	1672
chr12	70000000	71000000	1719
chr12	71000000	72000000	1659
chr12	72000000	73000000	1699
chr12	73000000	74000000	1612
chr12	74000000	75000000	1706
chr12	75000000	76000000	1633
chr12	76000000	77000000	1659
chr12	77000000	78000000	1579
chr12	78000000	79000000	1632
chr12	79000000	80000000	1600
chr12	80000000	81000000	1702
chr12	81000000	82000000	1545
chr12	82000000	83000000	1603
chr12	83000000	84000000	1598
chr12	84000000	85000000	1631
chr12	85000000	86000000	1525
chr12	86000000	87000000	1569
chr12	87000000	88000000	1605
chr12	88000000	89000000	1661
chr12	89000000	90000000	1635
chr12	90000000	91000000	1653
chr12	91000000	92000000	1574
chr12	92000000	93000000	1748
chr12	93000000	94000000	1688
chr12	94000000	95000000	1585
chr12	95000000	96000000	1628
chr12	96000000	97000000	1694
chr12	97000000	98000000	1707
chr12	98000000	99000000	1647
chr12	99000000	100000000	1707
chr12	100000000	101000000	1696
chr12	101000000	102000000	1631
chr12	102000000	103000000	1722
chr12	103000000	104000000	1800
chr12	104000000	105000000	1587
chr12	105000000	106000000	1656
chr12	106000000	107000000	1663
chr12	107000000	108000000	1598
chr12	108000000	109000000	1616
chr12	109000000	110000000	1640
chr12	110000000	111000000	1673
chr12	111000000	112000000	1666
chr12	112000000	113000000	1639
chr12	113000000	114000000	1656
chr12	114000000	115000000	1589
chr12	115000000	116000000	1648
chr12	116000000	117000000	1655
chr12	117000000	118000000	1666
chr12	118000000	119000000	1584
chr12	119000000	120000000	1659
chr12	120000000	121000000	1637
chr12	121000000	122000000	1569
chr12	122000000	123000000	1597
chr12	123000000	124000000	1590
chr12	124000000	125000000	1654
chr12	125000000	126000000	1618
chr12	126000000	127000000	1692
chr12	127000000	128000000	1629
chr12	128000000	129000000	1636
chr12	129000000	130000000	1725
chr12	130000000	131000000	1752
chr12	131000000	132000000	1873
chr12	132000000	133000000	1742
chr12	133000000	133324548	553
chr13	0	1000000	5397
chr13	1000000	2000000	2578
chr13	2000000	3000000	1079
chr13	3000000	4000000	1268
chr13	4000000	5000000	1996
chr13	5000000	6000000	8252
chr13	6000000	7000000	5724
chr13	7000000	8000000	5732
chr13	8000000	9000000	5589
chr13	9000000	10000000	8616
chr13	10000000	11000000	6996
chr13	11000000	12000000	4430
chr13	12000000	13000000	5130
chr13	13000000	14000000	5259
chr13	14000000	15000000	3484
chr13	15000000	16000000	4567
chr13	16000000	17000000	1908
chr13	17000000	18000000	5158
chr13	18000000	19000000	1827
chr13	19000000	20000000	1639
chr13	20000000	21000000	1637
chr13	21000000	22000000	1685
chr13	22000000	23000000	1677
chr13	23000000	24000000	1671
chr13	24000000	25000000	1707
chr13	25000000	26000000	1644
chr13	26000000	27000000	1703
chr13	27000000	28000000	1629
chr13	28000000	29000000	1698
chr13	29000000	30000000	1594
chr13	30000000	31000000	1677
chr13	31000000	32000000	1633
chr13	32000000	33000000	1621
chr13	33000000	34000000	1707
chr13	34000000	35000000	1657
chr13	35000000	36000000	1687
chr13	36000000	37000000	1607
chr13	37000000	38000000	1600
chr13	38000000	39000000	1675
chr13	39000000	40000000	1582
chr13	40000000	41000000	1621
chr13	41000000	42000000	1710
chr13	42000000	43000000	1654
chr13	43000000	44000000	1665
chr13	44000000	45000000	1681
chr13	45000000	46000000	1716
chr13	46000000	47000000	1661
chr13	47000000	48000000	1701
chr13	48000000	49000000	1701
chr13	49000000	50000000	1579
chr13	50000000	51000000	1698
chr13	51000000	52000000	2068
chr13	52000000	53000000	1787
chr13	53000000	54000000	1627
chr13	54000000	55000000	1658
chr13	55000000	56000000	1583
chr13	56000000	57000000	2184
chr13	57000000	58000000	1614
chr13	58000000	59000000	1720
chr13	59000000	60000000	1659
chr13	60000000	61000000	1585
chr13	61000000	62000000	1642
chr13	62000000	63000000	1638
chr13	63000000	64000000	1701
chr13	64000000	65000000	1556
chr13	65000000	66000000	1659
chr13	66000000	67000000	1638
chr13	67000000	68000000	1553
chr13	68000000	69000000	1657
chr13	69000000	70000000	1603
chr13	70000000	71000000	1754
chr13	71000000	72000000	1621
chr13	72000000	73000000	1706
chr13	73000000	74000000	1602
chr13	74000000	75000000	1694
chr13	75000000	76000000	1743
chr13	76000000	77000000	1660
chr13	77000000	78000000	1672
chr13	78000000	79000000	1658
chr13	79000000	80000000	1652
chr13	80000000	81000000	1597
chr13	81000000	82000000	1589
chr13	82000000	83000000	1592
chr13	83000000	84000000	1580
chr13	84000000	85000000	1616
chr13	85000000	86000000	1597
chr13	86000000	87000000	1537
chr13	87000000	88000000	1597
chr13	88000000	89000000	1601
chr13	89000000	90000000	1620
chr13	90000000	91000000	1684
chr13	91000000	92000000	1641
chr13	92000000	93000000	1663
chr13	93000000	94000000	1597
chr13	94000000	95000000	1678
chr13	95000000	96000000	1682
chr13	96000000	97000000	1661
chr13	97000000	98000000	1641
chr13	98000000	99000000	1601
chr13	99000000	100000000	1650
chr13	100000000	101000000	1561
chr13	101000000	102000000	1603
chr13	102000000	103000000	1677
chr13	103000000	104000000	1568
chr13	104000000	105000000	1594
chr13	105000000	106000000	1631
chr13	106000000	107000000	1638
chr13	107000000	108000000	1662
chr13	108000000	109000000	1678
chr13	109000000	110000000	1606
chr13	110000000	111000000	1682
chr13	111000000	112000000	1905
chr13	112000000	113000000	1660
chr13	113000000	113566686	976
chr14	0	1000000	9142
chr14	1000000	2000000	7150
chr14	2000000	3000000	11447
chr14	3000000	4000000	6098
chr14	4000000	5000000	5121
chr14	5000000	6000000	5036
chr14	6000000	7000000	4542
chr14	7000000	8000000	3893
chr14	8000000	9000000	4498
chr14	9000000	10000000	4625
chr14	10000000	11000000	6873
chr14	11000000	12000000	4081
chr14	12000000	13000000	4054
chr14	13000000	14000000	6279
chr14	14000000	15000000	1708
chr14	15000000	16000000	1726
chr14	16000000	17000000	1534
chr14	17000000	18000000	1615
chr14	18000000	19000000	1763
chr14	19000000	20000000	1693
chr14	20000000	21000000	1567
chr14	21000000	22000000	1597
chr14	22000000	23000000	1661
chr14	23000000	24000000	1628
chr14	24000000	25000000	1686
chr14	25000000	26000000	1721
chr14	26000000	27000000	1645
chr14	27000000	28000000	1737
chr14	28000000	29000000	1758
chr14	29000000	30000000	1669
chr14	30000000	31000000	1714
chr14	31000000	32000000	1679
chr14	32000000	33000000	1770
chr14	33000000	34000000	1751
chr14	34000000	35000000	1584
chr14	35000000	36000000	1557
chr14	36000000	37000000	1564
chr14	37000000	38000000	1552
chr14	38000000	39000000	1619
chr14	39000000	40000000	1696
chr14	40000000	41000000	1702
chr14	41000000	42000000	1694
chr14	42000000	43000000	1617
chr14	43000000	44000000	1733
chr14	44000000	45000000	1637
chr14	45000000	46000000	1678
chr14	46000000	47000000	1630
chr14	47000000	48000000	1586
chr14	48000000	49000000	1707
chr14	49000000	50000000	1654
chr14	50000000	51000000	1667
chr14	51000000	52000000	1677
chr14	52000000	53000000	1748
chr14	53000000	54000000	1632
chr14	54000000	55000000	1655
chr14	55000000	56000000	1653
chr14	56000000	57000000	1693
chr14	57000000	58000000	1671
chr14	58000000	59000000	1686
chr14	59000000	60000000	1593
chr14	60000000	61000000	1705
chr14	61000000	62000000	1686
chr14	62000000	63000000	1850
chr14	63000000	64000000	1597
chr14	64000000	65000000	1656
chr14	65000000	66000000	1690
chr14	66000000	67000000	1562
chr14	67000000	68000000	1649
chr14	68000000	69000000	1694
chr14	69000000	70000000	1649
chr14	70000000	71000000	1668
chr14	71000000	72000000	1642
chr14	72000000	73000000	1673
chr14	73000000	74000000	1627
chr14	74000000	75000000	1608
chr14	75000000	76000000	1594
chr14	76000000	77000000	1580
chr14	77000000	78000000	1616
chr14	78000000	79000000	1614
chr14	79000000	80000000	1544
chr14	80000000	81000000	1730
chr14	81000000	82000000	1661
chr14	82000000	83000000	1653
chr14	83000000	84000000	1635
chr14	84000000	85000000	1642
chr14	85000000	86000000	1673
chr14	86000000	87000000	1640
chr14	87000000	88000000	1561
chr14	88000000	89000000	1669
chr14	89000000	90000000	1684
chr14	90000000	91000000	1621
chr14	91000000	92000000	1614
chr14	92000000	93000000	1656
chr14	93000000	94000000	1669
chr14	94000000	95000000	1583
chr14	95000000	96000000	1559
chr14	96000000	97000000	1697
chr14	97000000	98000000	1620
chr14	98000000	99000000	1622
chr14	99000000	100000000	1826
chr14	100000000	101000000	1556
chr14	101000000	101161492	265
chr15	0	1000000	5238
chr15	1000000	2000000	7535
chr15	2000000	3000000	8670
chr15	3000000	4000000	9107
chr15	4000000	5000000	9932
chr15	5000000	6000000	5377
chr15	6000000	7000000	4928
chr15	7000000	8000000	278
chr15	8000000	9000000	430
chr15	9000000	10000000	868
chr15	10000000	11000000	640
chr15	11000000	12000000	483
chr15	12000000	13000000	616
chr15	13000000	14000000	1380
chr15	14000000	15000000	3691
chr15	15000000	16000000	2527
chr15	16000000	17000000	9012
chr15	17000000	18000000	10418
chr15	18000000	19000000	4782
chr15	19000000	20000000	4403
chr15	20000000	21000000	3996
chr15	21000000	22000000	2326
chr15	22000000	23000000	1800
chr15	23000000	24000000	1677
chr15	24000000	25000000	1722
chr15	25000000	26000000	1665
chr15	26000000	27000000	4104
chr15	27000000	28000000	2102
chr15	28000000	29000000	3209
chr15	29000000	30000000	1818
chr15	30000000	31000000	2994
chr15	31000000	32000000	1648
chr15	32000000	33000000	1845
chr15	33000000	34000000	1689
chr15	34000000	35000000	1562
chr15	35000000	36000000	1680
chr15	36000000	37000000	1746
chr15	37000000	38000000	1661
chr15	38000000	39000000	1607
chr15	39000000	40000000	1693
chr15	40000000	41000000	1660
chr15	41000000	42000000	1897
chr15	42000000	43000000	1809
chr15	43000000	44000000	1536
chr15	44000000	45000000	1659
chr15	45000000	46000000	1600
chr15	46000000	47000000	1677
chr15	47000000	48000000	1721
chr15	48000000	49000000	1700
chr15	49000000	50000000	1747
chr15	50000000	51000000	1554
chr15	51000000	52000000	1666
chr15	52000000	53000000	1608
chr15	53000000	54000000	1628
chr15	54000000	55000000	1723
chr15	55000000	56000000	1641
chr15	56000000	57000000	1682
chr15	57000000	58000000	1659
chr15	58000000	59000000	1590
chr15	59000000	60000000	1625
chr15	60000000	61000000	1689
chr15	61000000	62000000	1649
chr15	62000000	63000000	1711
chr15	63000000	64000000	1591
chr15	64000000	65000000	1617
chr15	65000000	66000000	1578
chr15	66000000	67000000	1644
chr15	67000000	68000000	1557
chr15	68000000	69000000	1687
chr15	69000000	70000000	1691
chr15	70000000	71000000	1887
chr15	71000000	72000000	2169
chr15	72000000	73000000	1547
chr15	73000000	74000000	1914
chr15	74000000	75000000	1694
chr15	75000000	76000000	1648
chr15	76000000	77000000	1598
chr15	77000000	78000000	1602
chr15	78000000	79000000	1594
chr15	79000000	80000000	1661
chr15	80000000	81000000	2522
chr15	81000000	82000000	1657
chr15	82000000	83000000	3454
chr15	83000000	84000000	1689
chr15	84000000	85000000	1664
chr15	85000000	86000000	1595
chr15	86000000	87000000	1666
chr15	87000000	88000000	1623
chr15	88000000	89000000	1640
chr15	89000000	90000000	1649
chr15	90000000	91000000	1698
chr15	91000000	92000000	1648
chr15	92000000	93000000	1637
chr15	93000000	94000000	1605
chr15	94000000	95000000	1612
chr15	95000000	96000000	1662
chr15	96000000	97000000	1652
chr15	97000000	98000000	1669
chr15	98000000	99000000	1618
chr15	99000000	99753195	2147
chr16	0	1000000	1714
chr16	1000000	2000000	1593
chr16	2000000	3000000	1584
chr16	3000000	4000000	1009
chr16	4000000	5000000	1606
chr16	5000000	6000000	1735
chr16	6000000	7000000	1705
chr16	7000000	8000000	1554
chr16	8000000	9000000	1698
chr16	9000000	10000000	1688
chr16	10000000	11000000	1571
chr16	11000000	12000000	1673
chr16	12000000	13000000	1628
chr16	13000000	14000000	1584
chr16	14000000	15000000	2750
chr16	15000000	16000000	2779
chr16	16000000	17000000	3493
chr16	17000000	18000000	1598
chr16	18000000	19000000	3629
chr16	19000000	20000000	1637
chr16	20000000	21000000	1771
chr16	21000000	22000000	3918
chr16	22000000	23000000	4010
chr16	23000000	24000000	1671
chr16	24000000	25000000	1675
chr16	25000000	26000000	1538
chr16	26000000	27000000	1555
chr16	27000000	28000000	1509
chr16	28000000	29000000	2537
chr16	29000000	30000000	3821
chr16	30000000	31000000	3115
chr16	31000000	32000000	1593
chr16	32000000	33000000	3979
chr16	33000000	34000000	5123
chr16	34000000	35000000	4268
chr16	35000000	36000000	3941
chr16	36000000	37000000	5537
chr16	37000000	38000000	4442
chr16	38000000	39000000	1617
chr16	39000000	40000000	3220
chr16	40000000	41000000	5799
chr16	41000000	42000000	4350
chr16	42000000	43000000	3173
chr16	43000000	44000000	3018
chr16	44000000	45000000	3270
chr16	45000000	46000000	2834
chr16	46000000	47000000	3318
chr16	47000000	48000000	3188
chr16	48000000	49000000	4211
chr16	49000000	50000000	4778
chr16	50000000	51000000	4227
chr16	51000000	52000000	5485
chr16	52000000	53000000	2204
chr16	53000000	54000000	1614
chr16	54000000	55000000	1634
chr16	55000000	56000000	1632
chr16	56000000	57000000	1639
chr16	57000000	58000000	1696
chr16	58000000	59000000	1621
chr16	59000000	60000000	1643
chr16	60000000	61000000	1654
chr16	61000000	62000000	1709
chr16	62000000	63000000	1601
chr16	63000000	64000000	1621
chr16	64000000	65000000	1724
chr16	65000000	66000000	1671
chr16	66000000	67000000	1582
chr16	67000000	68000000	1701
chr16	68000000	69000000	1674
chr16	69000000	70000000	1619
chr16	70000000	71000000	1632
chr16	71000000	72000000	1647
chr16	72000000	73000000	1641
chr16	73000000	74000000	1593
chr16	74000000	75000000	1599
chr16	75000000	76000000	2198
chr16	76000000	77000000	2308
chr16	77000000	78000000	1775
chr16	78000000	79000000	1671
chr16	79000000	80000000	1690
chr16	80000000	81000000	2917
chr16	81000000	82000000	1688
chr16	82000000	83000000	1603
chr16	83000000	84000000	1572
chr16	84000000	85000000	1627
chr16	85000000	86000000	1655
chr16	86000000	87000000	1717
chr16	87000000	88000000	1564
chr16	88000000	89000000	1675
chr16	89000000	90000000	1698
chr16	90000000	91000000	1660
chr16	91000000	92000000	1616
chr16	92000000	93000000	1653
chr16	93000000	94000000	1631
chr16	94000000	95000000	1792
chr16	95000000	96000000	1556
chr16	96000000	96330374	1754
chr17	0	1000000	1978
chr17	1000000	2000000	1640
chr17	2000000	3000000	1708
chr17	3000000	4000000	1699
chr17	4000000	5000000	1634
chr17	5000000	6000000	1656
chr17	6000000	7000000	1636
chr17	7000000	8000000	1580
chr17	8000000	9000000	1579
chr17	9000000	10000000	1591
chr17	10000000	11000000	1625
chr17	11000000	12000000	1655
chr17	12000000	13000000	1574
chr17	13000000	14000000	1757
chr17	14000000	15000000	1617
chr17	15000000	16000000	2135
chr17	16000000	17000000	2336
chr17	17000000	18000000	1634
chr17	18000000	19000000	2645
chr17	19000000	20000000	2138
chr17	20000000	21000000	2475
chr17	21000000	22000000	2048
chr17	22000000	23000000	3474
chr17	23000000	24000000	5707
chr17	24000000	25000000	3885
chr17	25000000	26000000	3631
chr17	26000000	27000000	5171
chr17	27000000	28000000	4534
chr17	28000000	29000000	1664
chr17	29000000	30000000	1720
chr17	30000000	31000000	1601
chr17	31000000	32000000	1786
chr17	32000000	33000000	1702
chr17	33000000	34000000	1698
chr17	34000000	35000000	1722
chr17	35000000	36000000	1686
chr17	36000000	37000000	1692
chr17	37000000	38000000	3013
chr17	38000000	39000000	2442
chr17	39000000	40000000	2301
chr17	40000000	41000000	1642
chr17	41000000	42000000	1560
chr17	42000000	43000000	1643
chr17	43000000	44000000	1596
chr17	44000000	45000000	2209
chr17	45000000	46000000	1768
chr17	46000000	47000000	2259
chr17	47000000	48000000	3068
chr17	48000000	49000000	1865
chr17	49000000	50000000	1624
chr17	50000000	51000000	1649
chr17	51000000	52000000	1574
chr17	52000000	53000000	1694
chr17	53000000	54000000	1542
chr17	54000000	55000000	1644
chr17	55000000	56000000	1746
chr17	56000000	57000000	1713
chr17	57000000	58000000	1641
chr17	58000000	59000000	1635
chr17	59000000	60000000	1581
chr17	60000000	61000000	1792
chr17	61000000	62000000	1634
chr17	62000000	63000000	1687
chr17	63000000	64000000	1880
chr17	64000000	65000000	1582
chr17	65000000	66000000	1953
chr17	66000000	67000000	1633
chr17	67000000	68000000	1645
chr17	68000000	69000000	1657
chr17	69000000	70000000	1732
chr17	70000000	71000000	1665
chr17	71000000	72000000	1627
chr17	72000000	73000000	1584
chr17	73000000	74000000	1591
chr17	74000000	75000000	1615
chr17	75000000	76000000	1522
chr17	76000000	77000000	1583
chr17	77000000	78000000	1604
chr17	78000000	79000000	1640
chr17	79000000	80000000	1585
chr17	80000000	81000000	1585
chr17	81000000	82000000	1604
chr17	82000000	83000000	1593
chr17	83000000	84000000	1657
chr17	84000000	84276897	712
chr18	0	1000000	2044
chr18	1000000	2000000	1728
chr18	2000000	3000000	1641
chr18	3000000	4000000	1658
chr18	4000000	5000000	1711
chr18	5000000	6000000	1689
chr18	6000000	7000000	1590
chr18	7000000	8000000	1603
chr18	8000000	9000000	1629
chr18	9000000	10000000	1773
chr18	10000000	11000000	1734
chr18	11000000	12000000	1628
chr18	12000000	13000000	1763
chr18	13000000	14000000	1664
chr18	14000000	15000000	2621
chr18	15000000	16000000	5673
chr18	16000000	17000000	2541
chr18	17000000	18000000	1602
chr18	18000000	19000000	942
chr18	19000000	20000000	3204
chr18	20000000	21000000	4497
chr18	21000000	22000000	1997
chr18	22000000	23000000	1659
chr18	23000000	24000000	1580
chr18	24000000	25000000	1713
chr18	25000000	26000000	1688
chr18	26000000	27000000	1712
chr18	27000000	28000000	1556
chr18	28000000	29000000	1614
chr18	29000000	30000000	1510
chr18	30000000	31000000	1599
chr18	31000000	32000000	1637
chr18	32000000	33000000	1676
chr18	33000000	34000000	1564
chr18	34000000	35000000	1640
chr18	35000000	36000000	1681
chr18	36000000	37000000	1717
chr18	37000000	38000000	1627
chr18	38000000	39000000	1655
chr18	39000000	40000000	1723
chr18	40000000	41000000	1637
chr18	41000000	42000000	1648
chr18	42000000	43000000	1632
chr18	43000000	44000000	1574
chr18	44000000	45000000	1585
chr18	45000000	46000000	1801
chr18	46000000	47000000	1645
chr18	47000000	48000000	2276
chr18	48000000	49000000	1672
chr18	49000000	50000000	1682
chr18	50000000	51000000	1610
chr18	51000000	52000000	1621
chr18	52000000	53000000	1634
chr18	53000000	54000000	1609
chr18	54000000	55000000	1721
chr18	55000000	56000000	1657
chr18	56000000	57000000	1660
chr18	57000000	58000000	1619
chr18	58000000	59000000	1582
chr18	59000000	60000000	1646
chr18	60000000	61000000	1668
chr18	61000000	62000000	1615
chr18	62000000	63000000	1604
chr18	63000000	64000000	1806
chr18	64000000	65000000	1653
chr18	65000000	66000000	1563
chr18	66000000	67000000	1574
chr18	67000000	68000000	1610
chr18	68000000	69000000	1566
chr18	69000000	70000000	1675
chr18	70000000	71000000	1642
chr18	71000000	72000000	1705
chr18	72000000	73000000	1646
chr18	73000000	74000000	1680
chr18	74000000	75000000	1751
chr18	75000000	76000000	1678
chr18	76000000	77000000	1646
chr18	77000000	78000000	1695
chr18	78000000	79000000	1692
chr18	79000000	80000000	1855
chr18	80000000	80542538	933
chr19	0	1000000	3342
chr19	1000000	2000000	1466
chr19	2000000	3000000	1446
chr19	3000000	4000000	1451
chr19	4000000	5000000	1585
chr19	5000000	6000000	1517
chr19	6000000	7000000	1610
chr19	7000000	8000000	1863
chr19	8000000	9000000	3490
chr19	9000000	10000000	1657
chr19	10000000	11000000	1644
chr19	11000000	12000000	1699
chr19	12000000	13000000	1731
chr19	13000000	14000000	1571
chr19	14000000	15000000	1654
chr19	15000000	16000000	1589
chr19	16000000	17000000	1572
chr19	17000000	18000000	1599
chr19	18000000	19000000	1611
chr19	19000000	20000000	1545
chr19	20000000	21000000	1747
chr19	21000000	22000000	1660
chr19	22000000	23000000	1790
chr19	23000000	24000000	1672
chr19	24000000	25000000	4650
chr19	25000000	26000000	4584
chr19	26000000	27000000	867
chr19	27000000	28000000	378
chr19	28000000	29000000	1039
chr19	29000000	30000000	7815
chr19	30000000	31000000	1633
chr19	31000000	32000000	1578
chr19	32000000	33000000	1602
chr19	33000000	34000000	1605
chr19	34000000	35000000	1622
chr19	35000000	36000000	1545
chr19	36000000	37000000	1556
chr19	37000000	38000000	1681
chr19	38000000	39000000	3417
chr19	39000000	40000000	1910
chr19	40000000	41000000	2566
chr19	41000000	42000000	1610
chr19	42000000	43000000	1736
chr19	43000000	44000000	1651
chr19	44000000	45000000	1619
chr19	45000000	46000000	1876
chr19	46000000	47000000	1731
chr19	47000000	48000000	1735
chr19	48000000	49000000	1625
chr19	49000000	50000000	1598
chr19	50000000	51000000	2826
chr19	51000000	52000000	1631
chr19	52000000	53000000	1631
chr19	53000000	54000000	2910
chr19	54000000	55000000	1583
chr19	55000000	56000000	1700
chr19	56000000	57000000	1763
chr19	57000000	58000000	1959
chr19	58000000	59000000	1622
chr19	59000000	60000000	1803
chr19	60000000	61000000	1705
chr19	61000000	61707364	1210
chr20	0	1000000	2367
chr20	1000000	2000000	1687
chr20	2000000	3000000	1628
chr20	3000000	4000000	1596
chr20	4000000	5000000	1637
chr20	5000000	6000000	1640
chr20	6000000	7000000	1654
chr20	7000000	8000000	1677
chr20	8000000	9000000	1593
chr20	9000000	10000000	1596
chr20	10000000	11000000	1644
chr20	11000000	12000000	1670
chr20	12000000	13000000	1655
chr20	13000000	14000000	1770
chr20	14000000	15000000	1659
chr20	15000000	16000000	1624
chr20	16000000	17000000	1705
chr20	17000000	18000000	1719
chr20	18000000	19000000	1605
chr20	19000000	20000000	1652
chr20	20000000	21000000	1684
chr20	21000000	22000000	1648
chr20	22000000	23000000	1680
chr20	23000000	24000000	1623
chr20	24000000	25000000	1704
chr20	25000000	26000000	1897
chr20	26000000	27000000	3139
chr20	27000000	28000000	9702
chr20	28000000	29000000	9392
chr20	29000000	30000000	3829
chr20	30000000	31000000	2543
chr20	31000000	32000000	2197
chr20	32000000	33000000	3591
chr20	33000000	34000000	1694
chr20	34000000	35000000	1610
chr20	35000000	36000000	1556
chr20	36000000	37000000	1664
chr20	37000000	38000000	1705
chr20	38000000	39000000	1604
chr20	39000000	40000000	1631
chr20	40000000	41000000	1599
chr20	41000000	42000000	1612
chr20	42000000	43000000	1630
chr20	43000000	44000000	1683
chr20	44000000	45000000	1539
chr20	45000000	46000000	1595
chr20	46000000	47000000	1632
chr20	47000000	48000000	1610
chr20	48000000	49000000	1689
chr20	49000000	50000000	1727
chr20	50000000	51000000	1705
chr20	51000000	52000000	1600
chr20	52000000	53000000	1639
chr20	53000000	54000000	1586
chr20	54000000	55000000	1710
chr20	55000000	56000000	1698
chr20	56000000	57000000	1715
chr20	57000000	58000000	1659
chr20	58000000	59000000	1617
chr20	59000000	60000000	1580
chr20	60000000	61000000	1592
chr20	61000000	62000000	1597
chr20	62000000	63000000	1686
chr20	63000000	64000000	1608
chr20	64000000	65000000	1572
chr20	65000000	66000000	1818
chr20	66000000	66210255	927
chr21	0	1000000	7217
chr21	1000000	2000000	3267
chr21	2000000	3000000	7546
chr21	3000000	4000000	9467
chr21	4000000	5000000	6653
chr21	5000000	6000000	7332
chr21	6000000	7000000	4148
chr21	7000000	8000000	6113
chr21	8000000	9000000	4723
chr21	9000000	10000000	4997
chr21	10000000	11000000	6825
chr21	11000000	12000000	13402
chr21	12000000	13000000	2191
chr21	13000000	14000000	1662
chr21	14000000	15000000	1664
chr21	15000000	16000000	1700
chr21	16000000	17000000	1631
chr21	17000000	18000000	1723
chr21	18000000	19000000	1626
chr21	19000000	20000000	1607
chr21	20000000	21000000	1646
chr21	21000000	22000000	1571
chr21	22000000	23000000	1670
chr21	23000000	24000000	1647
chr21	24000000	25000000	1652
chr21	25000000	26000000	1587
chr21	26000000	27000000	1862
chr21	27000000	28000000	1715
chr21	28000000	29000000	1681
chr21	29000000	30000000	1585
chr21	30000000	31000000	1694
chr21	31000000	32000000	1684
chr21	32000000	33000000	1643
chr21	33000000	34000000	1738
chr21	34000000	35000000	1610
chr21	35000000	36000000	1730
chr21	36000000	37000000	1669
chr21	37000000	38000000	1725
chr21	38000000	39000000	1702
chr21	39000000	40000000	1667
chr21	40000000	41000000	1633
chr21	41000000	42000000	1650
chr21	42000000	43000000	1593
chr21	43000000	44000000	1651
chr21	44000000	45000000	1721
chr21	45000000	45090682	223
chr22	0	1000000	5844
chr22	1000000	2000000	1860
chr22	2000000	3000000	8415
chr22	3000000	4000000	9896
chr22	4000000	5000000	9644
chr22	5000000	6000000	13393
chr22	6000000	7000000	4185
chr22	7000000	8000000	3957
chr22	8000000	9000000	822
chr22	9000000	10000000	3255
chr22	10000000	11000000	4687
chr22	11000000	12000000	6014
chr22	12000000	13000000	5698
chr22	13000000	14000000	1778
chr22	14000000	15000000	2443
chr22	15000000	16000000	7936
chr22	16000000	17000000	4296
chr22	17000000	18000000	2546
chr22	18000000	19000000	3004
chr22	19000000	20000000	3607
chr22	20000000	21000000	1949
chr22	21000000	22000000	3975
chr22	22000000	23000000	1757
chr22	23000000	24000000	1928
chr22	24000000	25000000	1694
chr22	25000000	26000000	1892
chr22	26000000	27000000	1636
chr22	27000000	28000000	1713
chr22	28000000	29000000	1640
chr22	29000000	30000000	1683
chr22	30000000	31000000	1661
chr22	31000000	32000000	1693
chr22	32000000	33000000	1612
chr22	33000000	34000000	1753
chr22	34000000	35000000	1634
chr22	35000000	36000000	1726
chr22	36000000	37000000	1634
chr22	37000000	38000000	1586
chr22	38000000	39000000	1656
chr22	39000000	40000000	1637
chr22	40000000	41000000	1603
chr22	41000000	42000000	1703
chr22	42000000	43000000	1611
chr22	43000000	44000000	1684
chr22	44000000	45000000	1647
chr22	45000000	46000000	1701
chr22	46000000	47000000	1532
chr22	47000000	48000000	1643
chr22	48000000	49000000	1574
chr22	49000000	50000000	1674
chr22	50000000	51000000	1606
chr22	51000000	51324926	667
chrX	0	1000000	0
chrX	1000000	2000000	0
chrX	2000000	3000000	511
chrX	3000000	4000000	945
chrX	4000000	5000000	869
chrX	5000000	6000000	785
chrX	6000000	7000000	964
chrX	7000000	8000000	901
chrX	8000000	9000000	881
chrX	9000000	10000000	839
chrX	10000000	11000000	835
chrX	11000000	12000000	906
chrX	12000000	13000000	770
chrX	13000000	14000000	876
chrX	14000000	15000000	889
chrX	15000000	16000000	891
chrX	16000000	17000000	892
chrX	17000000	18000000	820
chrX	18000000	19000000	846
chrX	19000000	20000000	821
chrX	20000000	21000000	892
chrX	21000000	22000000	792
chrX	22000000	23000000	821
chrX	23000000	24000000	824
chrX	24000000	25000000	823
chrX	25000000	26000000	867
chrX	26000000	27000000	856
chrX	27000000	28000000	787
chrX	28000000	29000000	874
chrX	29000000	30000000	845
chrX	30000000	31000000	911
chrX	31000000	32000000	847
chrX	32000000	33000000	796
chrX	33000000	34000000	795
chrX	34000000	35000000	848
chrX	35000000	36000000	810
chrX	36000000	37000000	888
chrX	37000000	38000000	865
chrX	38000000	39000000	811
chrX	39000000	40000000	785
chrX	40000000	41000000	861
chrX	41000000	42000000	836
chrX	42000000	43000000	871
chrX	43000000	44000000	827
chrX	44000000	45000000	903
chrX	45000000	46000000	780
chrX	46000000	47000000	829
chrX	47000000	48000000	990
chrX	48000000	49000000	1837
chrX	49000000	50000000	892
chrX	50000000	51000000	893
chrX	51000000	52000000	1035
chrX	52000000	53000000	1021
chrX	53000000	54000000	838
chrX	54000000	55000000	951
chrX	55000000	56000000	1013
chrX	56000000	57000000	921
chrX	57000000	58000000	1333
chrX	58000000	59000000	4216
chrX	59000000	60000000	6033
chrX	60000000	61000000	3849
chrX	61000000	62000000	890
chrX	62000000	63000000	915
chrX	63000000	64000000	831
chrX	64000000	65000000	828
chrX	65000000	66000000	935
chrX	66000000	67000000	860
chrX	67000000	68000000	844
chrX	68000000	69000000	880
chrX	69000000	70000000	821
chrX	70000000	71000000	1007
chrX	71000000	72000000	1075
chrX	72000000	73000000	805
chrX	73000000	74000000	822
chrX	74000000	75000000	922
chrX	75000000	76000000	989
chrX	76000000	77000000	849
chrX	77000000	78000000	829
chrX	78000000	79000000	909
chrX	79000000	80000000	876
chrX	80000000	81000000	851
chrX	81000000	82000000	868
chrX	82000000	83000000	857
chrX	83000000	84000000	837
chrX	84000000	85000000	822
chrX	85000000	86000000	864
chrX	86000000	87000000	785
chrX	87000000	88000000	1063
chrX	88000000	89000000	1358
chrX	89000000	90000000	1273
chrX	90000000	91000000	1434
chrX	91000000	92000000	1215
chrX	92000000	93000000	766
chrX	93000000	94000000	852
chrX	94000000	95000000	854
chrX	95000000	96000000	837
chrX	96000000	97000000	842
chrX	97000000	98000000	799
chrX	98000000	99000000	842
chrX	99000000	100000000	873
chrX	100000000	101000000	1199
chrX	101000000	102000000	844
chrX	102000000	103000000	877
chrX	103000000	104000000	791
chrX	104000000	105000000	904
chrX	105000000	106000000	767
chrX	106000000	107000000	827
chrX	107000000	108000000	804
chrX	108000000	109000000	872
chrX	109000000	110000000	852
chrX	110000000	111000000	831
chrX	111000000	112000000	840
chrX	112000000	113000000	860
chrX	113000000	114000000	856
chrX	114000000	115000000	1660
chrX	115000000	116000000	867
chrX	116000000	117000000	824
chrX	117000000	118000000	845
chrX	118000000	119000000	964
chrX	119000000	120000000	945
chrX	120000000	121000000	861
chrX	121000000	122000000	823
chrX	122000000	123000000	843
chrX	123000000	124000000	892
chrX	124000000	125000000	861
chrX	125000000	126000000	876
chrX	126000000	127000000	824
chrX	127000000	128000000	863
chrX	128000000	129000000	844
chrX	129000000	130000000	875
chrX	130000000	131000000	871
chrX	131000000	132000000	822
chrX	132000000	133000000	824
chrX	133000000	134000000	986
chrX	134000000	135000000	1287
chrX	135000000	136000000	883
chrX	136000000	137000000	850
chrX	137000000	138000000	853
chrX	138000000	139000000	909
chrX	139000000	140000000	1199
chrX	140000000	141000000	880
chrX	141000000	142000000	777
chrX	142000000	143000000	949
chrX	143000000	144000000	806
chrX	144000000	145000000	839
chrX	145000000	146000000	910
chrX	146000000	147000000	851
chrX	147000000	148000000	947
chrX	148000000	149000000	881
chrX	149000000	150000000	856
chrX	150000000	151000000	871
chrX	151000000	152000000	938
chrX	152000000	153000000	1047
chrX	153000000	154000000	911
chrX	154000000	154259566	0
chrY	0	1000000	1879
chrY	1000000	2000000	1857
chrY	2000000	3000000	1355
chrY	3000000	4000000	1468
chrY	4000000	5000000	1569
chrY	5000000	6000000	1630
chrY	6000000	7000000	1101
chrY	7000000	8000000	962
chrY	8000000	9000000	979
chrY	9000000	10000000	2760
chrY	10000000	11000000	2196
chrY	11000000	12000000	2115
chrY	12000000	13000000	2715
chrY	13000000	14000000	889
chrY	14000000	15000000	959
chrY	15000000	16000000	833
chrY	16000000	17000000	891
chrY	17000000	18000000	1019
chrY	18000000	19000000	1596
chrY	19000000	20000000	1549
chrY	20000000	21000000	955
chrY	21000000	22000000	1239
chrY	22000000	23000000	1991
chrY	23000000	24000000	2490
chrY	24000000	25000000	2555
chrY	25000000	26000000	2730
chrY	26000000	27000000	2459
chrY	27000000	28000000	3244
chrY	28000000	29000000	3193
chrY	29000000	30000000	1449
chrY	30000000	31000000	789
chrY	31000000	32000000	1214
chrY	32000000	33000000	1428
chrY	33000000	34000000	1299
chrY	34000000	35000000	1455
chrY	35000000	36000000	1493
chrY	36000000	37000000	1191
chrY	37000000	38000000	1110
chrY	38000000	39000000	1160
chrY	39000000	40000000	1096
chrY	40000000	41000000	1130
chrY	41000000	42000000	1406
chrY	42000000	43000000	1373
chrY	43000000	44000000	1367
chrY	44000000	45000000	1086
chrY	45000000	46000000	1068
chrY	46000000	47000000	1252
chrY	47000000	48000000	1467
chrY	48000000	49000000	2552
chrY	49000000	50000000	2279
chrY	50000000	51000000	2320
chrY	51000000	52000000	1467
chrY	52000000	53000000	1270
chrY	53000000	54000000	1406
chrY	54000000	55000000	2360
chrY	55000000	56000000	1371
chrY	56000000	57000000	966
chrY	57000000	58000000	1012
chrY	58000000	59000000	828
chrY	59000000	60000000	1258
chrY	60000000	61000000	1498
chrY	61000000	62000000	1850
chrY	62000000	62460029	1328
